record_id,offense,incident_id,block_number,street_name,agency,date_reported,hour_reported,reporting_officer,address,geometry
39,Drug/Narcotics Violation,202400001798,100,"LONGWOOD DR, B",CPD,NA,2337,"McLeod, Dustin","100 LONGWOOD DR, B Charlottesville VA","c(-78.5044117, 38.0153859)"
168,Drug/Narcotics Violation,202400000712,1000,"CHERRY AVE, B",CPD,NA,1709,"Vlasis, Christopher","1000 CHERRY AVE, B Charlottesville VA","c(-78.4975109, 38.0274589)"
235,Drug/Narcotics Violation,202400000291,1400,MELBOURNE RD,CPD,NA,0937,"Wagner, Christopher",1400 MELBOURNE RD Charlottesville VA,"c(-78.4746283, 38.0516386)"
241,Drug Equipment Violation,202400000261,100,"CHANCELLOR ST, 1",CPD,NA,0244,"Samar, Jack","100 CHANCELLOR ST, 1 Charlottesville VA","c(-78.5014644, 38.0359935)"
277,Drug/Narcotics Violation,202300040151,1000,"LINDEN AVE, 308",CPD,NA,2237,"Lowry, Brent","1000 LINDEN AVE, 308 Charlottesville VA","c(-78.4699838, 38.0145915)"
319,Narcotics,202300039915,900,CHARLTON AVE,CPD,NA,2353,"Wells, Matthew",900 CHARLTON AVE Charlottesville VA,"c(-78.4872464, 38.0382901)"
428,Narcotics,202300039298,700,PROSPECT AVE,CPD,NA,0139,"Blackwell, Ryan",700 PROSPECT AVE Charlottesville VA,"c(-78.4943958, 38.0246386)"
455,Narcotics,202300039071,400,MOSELEY DR,CPD,NA,1508,"Green, Bryan",400 MOSELEY DR Charlottesville VA,"c(-78.5098163, 38.0182054)"
500,Drug Investigation,202300038801,1400,MELBOURNE RD,CPD,NA,1507,"Lowe, Courteny",1400 MELBOURNE RD Charlottesville VA,"c(-78.4746283, 38.0516386)"
622,Drug/Narcotics Violation,202300037732,400,EARHART ST,CPD,NA,2146,"Curry, Brian",400 EARHART ST Charlottesville VA,"c(-78.4984396, 38.057079)"
720,Narcotics,202300037059,1400,MELBOURNE RD,CPD,NA,0956,"Burnett, James",1400 MELBOURNE RD Charlottesville VA,"c(-78.4746283, 38.0516386)"
845,Drug Equipment Violation,202300036306,1000,PRESTON AVE,CPD,NA,1907,"Darby, Michael",1000 PRESTON AVE Charlottesville VA,"c(-78.4916333, 38.0391546)"
992,Drug/Narcotics Violation,202300035247,1600,"EMMET ST N, 339",CPD,NA,0443,"Miller, Devin","1600 EMMET ST N, 339 Charlottesville VA","c(-78.493877, 38.057909)"
1061,Drug Investigation,202300034896,1900,EMMET ST N,CPD,NA,0054,"Wells, Matthew",1900 EMMET ST N Charlottesville VA,"c(-78.4925669, 38.0606411)"
1100,Drug Equipment Violation,202300034715,400,"CHERRY AVE, 307",CPD,NA,0911,"Green, Bryan","400 CHERRY AVE, 307 Charlottesville VA","c(-78.4889724, 38.0258962)"
1123,Drug/Narcotics Violation,202300034571,200,RIDGE MCINTIRE RD,CPD,NA,2155,"Aguilera, Natalia",200 RIDGE MCINTIRE RD Charlottesville VA,"c(-78.4838891, 38.0312205)"
1178,Drug Investigation,202300034219,1100,"PRESTON AVE, 8A",CPD,NA,0508,"Mian, Ghulam","1100 PRESTON AVE, 8A Charlottesville VA","c(-78.4919956, 38.0419726)"
1216,Drug/Narcotics Violation,202300033951,800,E MARKET ST,CPD,NA,0032,"Wells, Matthew",800 E MARKET ST Charlottesville VA,"c(-78.4760291, 38.0295562)"
1576,Drug/Narcotics Violation,202300031716,1000,PRESTON AVE,CPD,NA,1648,"Houchens, Jamell",1000 PRESTON AVE Charlottesville VA,"c(-78.4916333, 38.0391546)"
1933,Drug/Narcotics Violation,202300029479,900,EMMET ST N,CPD,NA,1729,"Bentz, Benjamin",900 EMMET ST N Charlottesville VA,"c(-78.502983, 38.048586)"
2010,Drug/Narcotics Violation,202300028974,100,"14TH ST NW, 1",CPD,NA,0218,"Wood, Trevis","100 14TH ST NW, 1 Charlottesville VA","c(-78.4993999, 38.0341845)"
2012,Drug Investigation,202300028960,400,RIDGE MCINTIRE RD,CPD,NA,2339,"Wells, Matthew",400 RIDGE MCINTIRE RD Charlottesville VA,"c(-78.4846049, 38.0325974)"
2029,Drug Investigation,202300028859,800,"HARDY DR, C",CPD,NA,0408,"Wood, Trevis","800 HARDY DR, C Charlottesville VA","c(-78.4904109, 38.0332508)"
2147,Drug Investigation,202300028062,1500,E HIGH ST,CPD,NA,2217,"Wells, Matthew",1500 E HIGH ST Charlottesville VA,"c(-78.4617403, 38.0329531)"
2248,Drug/Narcotics Violation,202300027146,2100,"MICHIE DR, 3",CPD,NA,1809,"Pinkman, Jackson","2100 MICHIE DR, 3 Charlottesville VA","c(-78.483828, 38.062986)"
2343,Narcotics,202300026511,600,PRESTON AVE,CPD,NA,2042,"Lowry, Ryan",600 PRESTON AVE Charlottesville VA,"c(-78.4862495, 38.0347258)"
2478,Narcotics,202300025446,800,AVON ST,CPD,NA,1835,"Lowry, Ryan",800 AVON ST Charlottesville VA,"c(-78.4796122, 38.0233992)"
2620,Drug Investigation,202300024406,1200,"CEDARS CT, 301",CPD,NA,1126,"Venereo, Arturo","1200 CEDARS CT, 301 Charlottesville VA","c(-78.5014782, 38.0553554)"
2711,Narcotics,202300023731,100,"E MAIN ST, A",CPD,NA,2341,"Darby, Michael","100 E MAIN ST, A Charlottesville VA","c(-78.4815213, 38.0305249)"
2741,Drug Equipment Violation,202300023470,100,W MAIN ST,CPD,NA,1852,"Darby, Michael",100 W MAIN ST Charlottesville VA,"c(-78.481656, 38.0307181)"
2801,Drug/Narcotics Violation,202300023031,900,HARRIS ST,CPD,NA,2208,"Darby, Michael",900 HARRIS ST Charlottesville VA,"c(-78.4825202, 38.0376211)"
2820,Drug Investigation,202300022896,1400,BRIARCLIFF AVE,CPD,NA,1239,"Green, Bryan",1400 BRIARCLIFF AVE Charlottesville VA,"c(-78.4986957, 38.0242716)"
2821,Drug Investigation,202300022877,100,OLD LYNCHBURG RD,CPD,NA,0905,"Green, Bryan",100 OLD LYNCHBURG RD Charlottesville VA,"c(-78.5132641, 38.0186066)"
2854,Drug/Narcotics Violation,202300022631,1600,"EMMET ST N, 332",CPD,NA,0554,"Miller, Devin","1600 EMMET ST N, 332 Charlottesville VA","c(-78.493877, 38.057909)"
2910,Drug Equipment Violation,202300022221,500,E MARKET ST,CPD,NA,2140,"Bentz, Benjamin",500 E MARKET ST Charlottesville VA,"c(-78.477767, 38.030349)"
2923,Drug/Narcotics Violation,202300022109,1600,EMMET ST N,CPD,NA,1725,"Hannay, Jacob",1600 EMMET ST N Charlottesville VA,"c(-78.493877, 38.057909)"
3057,Narcotics,202300020976,800,"HARDY DR, D",CPD,NA,1546,"Burnett, James","800 HARDY DR, D Charlottesville VA","c(-78.4904109, 38.0332508)"
3110,Narcotics,202300020634,100,MONTICELLO AVE,CPD,NA,2122,"Middleton, Matthew",100 MONTICELLO AVE Charlottesville VA,"c(-78.4753943, 38.0251039)"
3218,Drug/Narcotics Violation,202300019848,300,7 1/2 ST SW,CPD,NA,1122,"Pendleton, Eric",300 7 1/2 ST SW Charlottesville VA,"c(-78.4913187, 38.0296536)"
3253,Drug Equipment Violation,202300019562,1200,GRADY AVE,CPD,NA,0051,"Samar, Jack",1200 GRADY AVE Charlottesville VA,"c(-78.4943415, 38.0394575)"
3273,Narcotics,202300019405,2400,"ARLINGTON BLVD, 19",CPD,NA,1722,"Darby, Michael","2400 ARLINGTON BLVD, 19 Charlottesville VA","c(-78.5074325, 38.0496959)"
3302,Drug/Narcotics Violation,202300019209,100,"NORTH BAKER ST, A",CPD,NA,1645,"Darby, Michael","100 NORTH BAKER ST, A Charlottesville VA","c(-78.5029074, 38.0261191)"
3328,Drug/Narcotics Violation,202300019041,900,PRESTON AVE,CPD,NA,0603,"Headley, Someya",900 PRESTON AVE Charlottesville VA,"c(-78.4894423, 38.0370033)"
3713,Drug Investigation,202300015844,100,E MAIN ST,CPD,NA,2350,"Wells, Matthew",100 E MAIN ST Charlottesville VA,"c(-78.4815213, 38.0305249)"
3845,Drug/Narcotics Violation,202300014798,1100,EMMET ST N,CPD,NA,1246,"Lowry, Ryan",1100 EMMET ST N Charlottesville VA,"c(-78.501523, 38.0516392)"
3862,Drug/Narcotics Violation,202300014591,600,PRESTON AVE,CPD,NA,1824,"Darby, Michael",600 PRESTON AVE Charlottesville VA,"c(-78.4862495, 38.0347258)"
4072,Drug Investigation,202300012787,1000,CARLTON AVE,CPD,NA,1203,"Eckenroth, Rachel",1000 CARLTON AVE Charlottesville VA,"c(-78.4743641, 38.0242834)"
4220,Drug Investigation,202300011362,1200,"EMMET ST N, 110",CPD,NA,2040,"Headley, Someya","1200 EMMET ST N, 110 Charlottesville VA","c(-78.4985906, 38.0529166)"
4241,Drug/Narcotics Violation,202300011201,400,W MAIN ST,CPD,NA,1829,"Huber, Christopher",400 W MAIN ST Charlottesville VA,"c(-78.4867153, 38.0304408)"
4352,Drug/Narcotics Violation,202300010051,400,"GARRETT ST, G",CPD,NA,0912,"Pendleton, Eric","400 GARRETT ST, G Charlottesville VA","c(-78.4816589, 38.0279351)"
4646,Drug/Narcotics Violation,202300007761,1000,DRUID AVE,CPD,NA,1516,"Pendleton, Eric",1000 DRUID AVE Charlottesville VA,"c(-78.4777474, 38.0172974)"
4689,Drug Investigation,202300007381,300,"15TH ST NW, 5030",CPD,NA,1312,"O'Briant, Landon","300 15TH ST NW, 5030 Charlottesville VA","c(-78.4993725, 38.0363211)"
4808,Drug Investigation,202300006230,1000,FOREST HILLS AVE,CPD,NA,1432,"O'Briant, Landon",1000 FOREST HILLS AVE Charlottesville VA,"c(-78.4957351, 38.025324)"
4825,Narcotics,202300006132,800,HARDY DR,CPD,NA,1848,"Middleton, Matthew",800 HARDY DR Charlottesville VA,"c(-78.4904109, 38.0332508)"
4928,Drug/Narcotics Violation,202300005141,300,"2ND ST SE, 100",CPD,NA,0654,"Wood, Trevis","300 2ND ST SE, 100 Charlottesville VA","c(-78.4814428, 38.0291246)"
5015,Drug/Narcotics Violation,202300004392,100,JUNCTION LN,CPD,NA,1705,"Lowry, Ryan",100 JUNCTION LN Charlottesville VA,"c(-78.4695118, 38.0221908)"
5039,Drug Investigation,202300004156,700,E WATER ST,CPD,NA,2031,"Darby, Michael",700 E WATER ST Charlottesville VA,"c(-78.4755686, 38.0286121)"
5265,Drug Investigation,202300002293,1600,MONTICELLO AVE,CPD,NA,0151,"Vlasis, Christopher",1600 MONTICELLO AVE Charlottesville VA,"c(-78.4759879, 38.0166006)"
5268,Drug Investigation,202300002230,1800,MONTICELLO RD,CPD,NA,1625,"Green, Bryan",1800 MONTICELLO RD Charlottesville VA,"c(-78.473041, 38.0154442)"
5294,Drug Investigation,202300002033,100,"E MAIN ST, 201",CPD,NA,2334,"Aguilera, Natalia","100 E MAIN ST, 201 Charlottesville VA","c(-78.4815213, 38.0305249)"
5449,Drug Investigation,202300000909,2000,HOLIDAY DR,CPD,NA,1654,"Mullins, James",2000 HOLIDAY DR Charlottesville VA,"c(-78.4914497, 38.057721)"
6052,Drug/Narcotics Violation,202200034534,400,"CHERRY AVE, 401",CPD,NA,1016,"Lowry, Ryan","400 CHERRY AVE, 401 Charlottesville VA","c(-78.4889724, 38.0258962)"
6198,Drug Investigation,202200033463,800,ALTAVISTA AVE,CPD,NA,0839,"Pendleton, Eric",800 ALTAVISTA AVE Charlottesville VA,"c(-78.4803669, 38.0195562)"
6215,Drug Investigation,202200033321,900,RIVES ST,CPD,NA,2344,"Vlasis, Christopher",900 RIVES ST Charlottesville VA,"c(-78.469803, 38.0177396)"
6272,Drug/Narcotics Violation,202200032848,1000,FOREST HILLS AVE,CPD,NA,1602,"Huber, Christopher",1000 FOREST HILLS AVE Charlottesville VA,"c(-78.4957351, 38.025324)"
6273,Drug/Narcotics Violation,202200032847,1400,FOREST RIDGE RD,CPD,NA,1549,"Huber, Christopher",1400 FOREST RIDGE RD Charlottesville VA,"c(-78.4977693, 38.0253485)"
6682,Drug/Narcotics Violation,202200030029,1700,HYDRAULIC RD,CPD,NA,0640,"Curry, Brian",1700 HYDRAULIC RD Charlottesville VA,"c(-78.4887056, 38.0588756)"
6744,Drug Investigation,202200029622,700,"PROSPECT AVE, A",CPD,NA,0813,"Green, Bryan","700 PROSPECT AVE, A Charlottesville VA","c(-78.4944542, 38.0246317)"
6911,Drug Investigation,202200028555,100,W MARKET ST,CPD,NA,1013,"Barbour, Tremaine",100 W MARKET ST Charlottesville VA,"c(-78.4825371, 38.0319643)"
6926,Narcotics,202200028461,2300,"ANGUS RD, A",CPD,NA,0804,"Burnett, James","2300 ANGUS RD, A Charlottesville VA","c(-78.4980357, 38.0612439)"
7427,Drug Investigation,202200025093,800,CHERRY AVE,CPD,NA,0551,"Mullins, James",800 CHERRY AVE Charlottesville VA,"c(-78.4933842, 38.0283131)"
7499,Drug/Narcotics Violation,202200024583,500,RIDGE ST,CPD,NA,1938,"Smith, Daniel",500 RIDGE ST Charlottesville VA,"c(-78.4867156, 38.0271212)"
7537,Drug Investigation,202200024346,600,PRESTON AVE,CPD,NA,1749,"Lowry, Brent",600 PRESTON AVE Charlottesville VA,"c(-78.4862495, 38.0347258)"
7615,Drug Investigation,202200023852,3800,-78.4748563960000000,CPD,NA,0309,"Curry, Brian",3800 -78.4748563960000000 Charlottesville VA,"c(-78.4766781, 38.0293059)"
7720,Drug/Narcotics Violation,202200023172,1100,PRESTON AVE,CPD,NA,2011,"Lee, Chandler",1100 PRESTON AVE Charlottesville VA,"c(-78.4919956, 38.0419726)"
7754,Drug Investigation,202200022928,400,QUARRY RD,CPD,NA,1919,"Mullins, James",400 QUARRY RD Charlottesville VA,"c(-78.4736051, 38.0143834)"
7857,Drug Investigation,202200022342,200,"5TH ST SW, A",CPD,NA,0352,"Vlasis, Christopher","200 5TH ST SW, A Charlottesville VA","c(-78.4880474, 38.030252)"
8103,Drug Investigation,202200020594,900,ALBEMARLE ST,CPD,NA,2052,"Arreguin, Arron",900 ALBEMARLE ST Charlottesville VA,"c(-78.4845064, 38.037675)"
8126,Drug/Narcotics Violation,202200020376,1000,LINDEN AVE,CPD,NA,2322,"Arreguin, Arron",1000 LINDEN AVE Charlottesville VA,"c(-78.4700359, 38.0142389)"
8260,Drug/Narcotics Violation,202200019451,1900,EMMET ST N,CPD,NA,0315,"Curry, Brian",1900 EMMET ST N Charlottesville VA,"c(-78.4925669, 38.0606411)"
8335,Drug/Narcotics Violation,202200018803,300,11TH ST NW,CPD,NA,1845,"Becton, Joel",300 11TH ST NW Charlottesville VA,"c(-78.4949821, 38.0358484)"
8368,Narcotics,202200018565,100,OLINDA DR,CPD,NA,2115,"Via, Ryan",100 OLINDA DR Charlottesville VA,"c(-78.4998557, 38.0237672)"
8516,Drug/Narcotics Violation,202200017320,700,HARRIS ST,CPD,NA,1611,"Aguilera, Natalia",700 HARRIS ST Charlottesville VA,"c(-78.4842118, 38.0359157)"
8749,Narcotics,202200015652,1400,VINE ST,CPD,NA,2315,"Via, Ryan",1400 VINE ST Charlottesville VA,"c(-78.4686008, 38.0196979)"
8773,Narcotics,202200015522,1200,MONTICELLO RD,CPD,NA,2156,"Via, Ryan",1200 MONTICELLO RD Charlottesville VA,"c(-78.4727576, 38.0213974)"
8826,Drug/Narcotics Violation,202200015158,1900,EMMET ST N,CPD,NA,1436,"Samar, Jack",1900 EMMET ST N Charlottesville VA,"c(-78.4925669, 38.0606411)"
8888,Drug Equipment Violation,202200014805,900,CHARLTON AVE,CPD,NA,1341,"Samar, Jack",900 CHARLTON AVE Charlottesville VA,"c(-78.4872464, 38.0382901)"
8917,Drug Equipment Violation,202200014571,1100,5TH ST SW,CPD,NA,1011,"Houchens, Jamell",1100 5TH ST SW Charlottesville VA,"c(-78.497806, 38.01713)"
8929,Drug Equipment Violation,202200014480,900,GRADY AVE,CPD,NA,1354,"Houchens, Jamell",900 GRADY AVE Charlottesville VA,"c(-78.4914878, 38.0378772)"
8958,Drug/Narcotics Violation,202200014251,400,11TH ST NE,CPD,NA,1439,"Stayments, Ronald",400 11TH ST NE Charlottesville VA,"c(-78.4708721, 38.0306879)"
8972,Drug/Narcotics Violation,202200014180,1100,5TH ST SW,CPD,NA,2253,"Patel, Akash",1100 5TH ST SW Charlottesville VA,"c(-78.497806, 38.01713)"
9023,Narcotics,202200013810,100,MONTE VISTA AVE,CPD,NA,2153,"Via, Ryan",100 MONTE VISTA AVE Charlottesville VA,"c(-78.5126834, 38.0172786)"
9272,Narcotics,202200012092,600,W MAIN ST,CPD,NA,1826,"Alfonso, Sean",600 W MAIN ST Charlottesville VA,"c(-78.4885076, 38.0309314)"
9325,Drug Investigation,202200011643,1400,AVON ST,CPD,NA,1033,"Pendleton, Eric",1400 AVON ST Charlottesville VA,"c(-78.4830386, 38.018765)"
9363,Drug/Narcotics Violation,202200011343,900,BELMONT AVE,CPD,NA,0107,"Darby, Michael",900 BELMONT AVE Charlottesville VA,"c(-78.4753943, 38.0234308)"
9422,Drug Investigation,202200010926,800,W MAIN ST,CPD,NA,2059,"Houchens, Logan",800 W MAIN ST Charlottesville VA,"c(-78.4903331, 38.0314795)"
9452,Drug/Narcotics Violation,202200010660,400,MOSELEY DR,CPD,NA,2143,"Stein, Nathan",400 MOSELEY DR Charlottesville VA,"c(-78.5098163, 38.0182054)"
9699,Narcotics,202200009043,300,250 BYPASS,CPD,NA,1833,"Lee, Chandler",300 250 BYPASS Charlottesville VA,"c(-78.4806874, 38.0506896)"
9721,Narcotics,202200008892,1400,CHESAPEAKE ST,CPD,NA,1602,"Maney, Edward",1400 CHESAPEAKE ST Charlottesville VA,"c(-78.4629282, 38.0256958)"
9739,Drug Equipment Violation,202200008775,200,RIDGE ST,CPD,NA,1758,"Houchens, Jamell",200 RIDGE ST Charlottesville VA,"c(-78.4855597, 38.0295223)"
9857,Drug Equipment Violation,202200008077,200,RIDGE ST,CPD,NA,1746,"Houchens, Jamell",200 RIDGE ST Charlottesville VA,"c(-78.4855597, 38.0295223)"
9964,Drug Investigation,202200007443,800,PAGE ST,CPD,NA,1712,"Green, Bryan",800 PAGE ST Charlottesville VA,"c(-78.4900513, 38.0340552)"
10036,Drug/Narcotics Violation,202200007078,1700,HYDRAULIC RD,CPD,NA,0846,"Samar, Jack",1700 HYDRAULIC RD Charlottesville VA,"c(-78.4887056, 38.0588756)"
10151,Narcotics,202200006457,700,E WATER ST,CPD,NA,1628,"Pendleton, Eric",700 E WATER ST Charlottesville VA,"c(-78.4755686, 38.0286121)"
10173,Drug Investigation,202200006297,1400,MELBOURNE RD,CPD,NA,1407,"Wells, Matthew",1400 MELBOURNE RD Charlottesville VA,"c(-78.4746283, 38.0516386)"
10485,Drug Investigation,202200004336,100,MAYWOOD LN,CPD,NA,1700,"Bentz, Benjamin",100 MAYWOOD LN Charlottesville VA,"c(-78.5090105, 38.029447)"
10513,Drug/Narcotics Violation,202200004161,600,E MARKET ST,CPD,NA,2243,"Best, Lisa",600 E MARKET ST Charlottesville VA,"c(-78.4774516, 38.0304104)"
10560,Drug Investigation,202200003774,600,E MARKET ST,CPD,NA,1631,"Whitten, Tobyn",600 E MARKET ST Charlottesville VA,"c(-78.4774516, 38.0304104)"
10578,Drug Investigation,202200003686,600,E MARKET ST,CPD,NA,1625,"Wells, Matthew",600 E MARKET ST Charlottesville VA,"c(-78.4774516, 38.0304104)"
10596,Drug Investigation,202200003588,600,E MARKET ST,CPD,NA,1601,"Green, Bryan",600 E MARKET ST Charlottesville VA,"c(-78.4774516, 38.0304104)"
10650,Narcotics,202200003320,1500,E HIGH ST,CPD,NA,1756,"Middleton, Matthew",1500 E HIGH ST Charlottesville VA,"c(-78.4617403, 38.0329531)"
10779,Drug Equipment Violation,202200002544,800,PAGE ST,CPD,NA,0625,"Darby, Michael",800 PAGE ST Charlottesville VA,"c(-78.4900513, 38.0340552)"
10835,Drug/Narcotics Violation,202200002212,1100,GRADY AVE,CPD,NA,2131,"Curry, Brian",1100 GRADY AVE Charlottesville VA,"c(-78.4938186, 38.0394518)"
10863,Drug/Narcotics Violation,202200002028,1400,MELBOURNE RD,CPD,NA,1217,"McKeown, Kaitlyn",1400 MELBOURNE RD Charlottesville VA,"c(-78.4746283, 38.0516386)"
10868,Narcotics,202200001994,300,BERRING ST,CPD,NA,2116,"Hopiane, Sayd",300 BERRING ST Charlottesville VA,"c(-78.4906509, 38.0233955)"
11044,Drug Investigation,202200000855,600,ELLIOTT AVE,CPD,NA,2317,"Green, Bryan",600 ELLIOTT AVE Charlottesville VA,"c(-78.4829531, 38.0217606)"
11115,Drug/Narcotics Violation,202200000323,300,7 1/2 ST SW,CPD,NA,1953,"Holley, Barrett",300 7 1/2 ST SW Charlottesville VA,"c(-78.4913187, 38.0296536)"
11394,Drug/Narcotics Violation,202100034722,500,W MAIN ST,CPD,NA,1141,"Pittman, Terry",500 W MAIN ST Charlottesville VA,"c(-78.4879119, 38.0307934)"
11418,Drug Investigation,202100034511,600,E MARKET ST,CPD,NA,1114,"Bowers, Justin",600 E MARKET ST Charlottesville VA,"c(-78.4774516, 38.0304104)"
11528,Narcotics,202100033668,1600,GORDON AVE,CPD,NA,1501,"Burnett, James",1600 GORDON AVE Charlottesville VA,"c(-78.4989016, 38.039059)"
11724,Drug Investigation,202100032277,1400,MELBOURNE RD,CPD,NA,1526,"Smith, Daniel",1400 MELBOURNE RD Charlottesville VA,"c(-78.4746283, 38.0516386)"
11736,Drug/Narcotics Violation,202100032210,700,6TH ST SE,CPD,NA,2022,"Huber, Christopher",700 6TH ST SE Charlottesville VA,"c(-78.4807219, 38.0251055)"
11781,Drug/Narcotics Violation,202100031850,1000,CHERRY AVE,CPD,NA,1122,"Pittman, Terry",1000 CHERRY AVE Charlottesville VA,"c(-78.4980135, 38.0270336)"
11974,Drug/Narcotics Violation,202100030296,1400,MELBOURNE RD,CPD,NA,1246,"Nash, Darius",1400 MELBOURNE RD Charlottesville VA,"c(-78.4746283, 38.0516386)"
11977,Drug/Narcotics Violation,202100030292,1400,MELBOURNE RD,CPD,NA,1213,"Nash, Darius",1400 MELBOURNE RD Charlottesville VA,"c(-78.4746283, 38.0516386)"
12302,Drug/Narcotics Violation,202100027832,1100,5TH ST SW,CPD,NA,1843,"Lucas, Corbin",1100 5TH ST SW Charlottesville VA,"c(-78.497806, 38.01713)"
12338,Narcotics,202100027568,200,MAURY AVE,CPD,NA,1121,"Burnett, James",200 MAURY AVE Charlottesville VA,"c(-78.5163657, 38.027307)"
12489,Drug/Narcotics Violation,202100026583,100,W MAIN ST,CPD,NA,2037,"Smith, Daniel",100 W MAIN ST Charlottesville VA,"c(-78.481656, 38.0307181)"
12582,Drug/Narcotics Violation,202100025897,1000,CHERRY AVE,CPD,NA,1317,"Houchens, Jamell",1000 CHERRY AVE Charlottesville VA,"c(-78.4980135, 38.0270336)"
12635,Drug/Narcotics Violation,202100025567,600,E WATER ST,CPD,NA,1831,"Lee, Chandler",600 E WATER ST Charlottesville VA,"c(-78.4776442, 38.0288229)"
12678,Drug/Narcotics Violation,202100025322,100,MONTE VISTA AVE,CPD,NA,2024,"Stein, Nathan",100 MONTE VISTA AVE Charlottesville VA,"c(-78.5126834, 38.0172786)"
12687,Narcotics,202100025273,600,E MARKET ST,CPD,NA,1319,"Raines, Christopher",600 E MARKET ST Charlottesville VA,"c(-78.4774516, 38.0304104)"
12748,Drug Equipment Violation,202100024831,1600,"EMMET ST N, 307",CPD,NA,1141,"Pittman, Terry","1600 EMMET ST N, 307 Charlottesville VA","c(-78.493877, 38.057909)"
12802,Narcotics,202100024490,600,E MARKET ST,CPD,NA,1350,"Raines, Christopher",600 E MARKET ST Charlottesville VA,"c(-78.4774516, 38.0304104)"
12815,Drug Equipment Violation,202100024387,200,"MONTICELLO AVE, 127",CPD,NA,1337,"Johnston, Ernest","200 MONTICELLO AVE, 127 Charlottesville VA","c(-78.4860081, 38.0287424)"
12887,Narcotics,202100023912,400,14TH ST NW,CPD,NA,0949,"Burnett, James",400 14TH ST NW Charlottesville VA,"c(-78.4972462, 38.0378537)"
12998,Drug/Narcotics Violation,202100023380,1400,SHORT 18TH ST,CPD,NA,0704,"Whitten, Tobyn",1400 SHORT 18TH ST Charlottesville VA,"c(-78.4623712, 38.0265961)"
13058,Drug Equipment Violation,202100022974,600,E MAIN ST,CPD,NA,1230,"Lucas, Todd",600 E MAIN ST Charlottesville VA,"c(-78.4776363, 38.0295656)"
13090,Narcotics,202100022783,600,E MARKET ST,CPD,NA,1458,"Cundiff, Ross",600 E MARKET ST Charlottesville VA,"c(-78.4774516, 38.0304104)"
13151,Narcotics,202100022395,600,E MARKET ST,CPD,NA,1515,"Raines, Christopher",600 E MARKET ST Charlottesville VA,"c(-78.4774516, 38.0304104)"
13209,Drug Investigation,202100021855,900,EMMET ST N,CPD,NA,1615,"KEPLINGER, CHRISTOPHER",900 EMMET ST N Charlottesville VA,"c(-78.502983, 38.048586)"
13297,Drug Investigation,202180000088,400,FRANKLIN ST,CPD,NA,2158,"Moje, Ashley",400 FRANKLIN ST Charlottesville VA,"c(-78.4655047, 38.0192701)"
13441,Drug Equipment Violation,202100020353,100,LANKFORD AVE,CPD,NA,1915,"Via, Ryan",100 LANKFORD AVE Charlottesville VA,"c(-78.4870708, 38.02128)"
13594,Drug/Narcotics Violation,202100019096,1400,RUGBY AVE,CPD,NA,1921,"Smith, Daniel",1400 RUGBY AVE Charlottesville VA,"c(-78.4799406, 38.0446661)"
13784,Narcotics,202100017634,1100,EMMET ST N,CPD,NA,1518,"Burnett, James",1100 EMMET ST N Charlottesville VA,"c(-78.501523, 38.0516392)"
13801,Drug/Narcotics Violation,202100017536,1100,EMMET ST N,CPD,NA,1843,"Smith, Daniel",1100 EMMET ST N Charlottesville VA,"c(-78.501523, 38.0516392)"
13817,Drug/Narcotics Violation,202100017387,600,E MARKET ST,CPD,NA,1552,"Maney, Edward",600 E MARKET ST Charlottesville VA,"c(-78.4774516, 38.0304104)"
13936,Drug/Narcotics Violation,202100016429,200,MONTICELLO AVE,CPD,NA,0601,"Blackwell, Ryan",200 MONTICELLO AVE Charlottesville VA,"c(-78.4860081, 38.0287424)"
13971,Drug/Narcotics Violation,202100016177,400,MOSELEY DR,CPD,NA,1929,"Stein, Nathan",400 MOSELEY DR Charlottesville VA,"c(-78.5098163, 38.0182054)"
13972,Drug/Narcotics Violation,202100016173,500,"BAINBRIDGE ST, 103",CPD,NA,1900,"Via, Ryan","500 BAINBRIDGE ST, 103 Charlottesville VA","c(-78.4725131, 38.0232746)"
14030,Drug Investigation,202100015684,300,250 BYPASS,CPD,NA,2129,"Green, Bryan",300 250 BYPASS Charlottesville VA,"c(-78.4806874, 38.0506896)"
14095,Drug Investigation,202100015195,1100,"5TH ST SW, 322",CPD,NA,1140,"Samar, Jack","1100 5TH ST SW, 322 Charlottesville VA","c(-78.497806, 38.01713)"
14104,Drug/Narcotics Violation,202100015144,400,FAIRWAY AVE,CPD,NA,2015,"Lowry, Ryan",400 FAIRWAY AVE Charlottesville VA,"c(-78.4619265, 38.0277201)"
14106,Drug/Narcotics Violation,202100015131,1200,AVON ST,CPD,NA,1824,"Huber, Christopher",1200 AVON ST Charlottesville VA,"c(-78.4819656, 38.020494)"
14116,Narcotics,202100015078,2400,FONTAINE AVE,CPD,NA,0754,"Burnett, James",2400 FONTAINE AVE Charlottesville VA,"c(-78.5189857, 38.0257767)"
14124,Drug Equipment Violation,202100015023,200,"MERCHANT WALK AVE, 300",CPD,NA,1727,"Stein, Nathan","200 MERCHANT WALK AVE, 300 Charlottesville VA","c(-78.498544, 38.0101896)"
14168,Drug Equipment Violation,202100014728,500,CHERRY AVE,CPD,NA,1812,"Holley, Barrett",500 CHERRY AVE Charlottesville VA,"c(-78.4909553, 38.0260508)"
14177,Drug/Narcotics Violation,202100014620,300,10TH ST NE,CPD,NA,1205,"TRAVERS, JOSHUA",300 10TH ST NE Charlottesville VA,"c(-78.4727586, 38.0298911)"
14195,Drug Equipment Violation,202100014451,100,OLD LYNCHBURG RD,CPD,NA,1611,"Stein, Nathan",100 OLD LYNCHBURG RD Charlottesville VA,"c(-78.5132641, 38.0186066)"
14212,Drug Equipment Violation,202100014275,400,E MAIN ST,CPD,NA,1535,"Chan, William",400 E MAIN ST Charlottesville VA,"c(-78.479257, 38.0297705)"
14269,Drug/Narcotics Violation,202100013883,1100,EMMET ST N,CPD,NA,1823,"Lee, Chandler",1100 EMMET ST N Charlottesville VA,"c(-78.501523, 38.0516392)"
14346,Drug/Narcotics Violation,202100013229,800,NASSAU ST,CPD,NA,2148,"Houchens, Jamell",800 NASSAU ST Charlottesville VA,"c(-78.4675794, 38.0184647)"
14393,Drug Investigation,202100012851,2000,HOLIDAY DR,CPD,NA,0021,"Adams, Jonathan",2000 HOLIDAY DR Charlottesville VA,"c(-78.4914497, 38.057721)"
14475,Drug/Narcotics Violation,202100012266,900,GRADY AVE,CPD,NA,1535,"Holley, Barrett",900 GRADY AVE Charlottesville VA,"c(-78.4914878, 38.0378772)"
14561,Narcotics,202100011642,700,PROSPECT AVE,CPD,NA,0541,"Hounsel, Eli",700 PROSPECT AVE Charlottesville VA,"c(-78.4943958, 38.0246386)"
14604,Drug/Narcotics Violation,202100011403,700,"HARRIS ST, 101",CPD,NA,1655,"Smith, Daniel","700 HARRIS ST, 101 Charlottesville VA","c(-78.4842118, 38.0359157)"
14650,Narcotics,202100010942,1100,MILLMONT ST,CPD,NA,2031,"Gower, Charles",1100 MILLMONT ST Charlottesville VA,"c(-78.5025274, 38.0526705)"
14794,Drug/Narcotics Violation,202100009738,1200,LEE ST,CPD,NA,1723,"Eckenroth, Rachel",1200 LEE ST Charlottesville VA,"c(-78.4985288, 38.0318629)"
14828,Drug/Narcotics Violation,202100009482,1900,EMMET ST N,CPD,NA,2036,"Lee, Chandler",1900 EMMET ST N Charlottesville VA,"c(-78.4925669, 38.0606411)"
14870,Narcotics,202100009102,1500,E HIGH ST,CPD,NA,2340,"Belinski, Thomas",1500 E HIGH ST Charlottesville VA,"c(-78.4617403, 38.0329531)"
14876,Drug/Narcotics Violation,202100009062,900,WEST ST,CPD,NA,1407,"Pittman, Terry",900 WEST ST Charlottesville VA,"c(-78.4899619, 38.0363534)"
14898,Drug/Narcotics Violation,202100008836,600,"CHERRY AVE, A",CPD,NA,0002,"Stein, Nathan","600 CHERRY AVE, A Charlottesville VA","c(-78.4912438, 38.0271198)"
14902,Narcotics,202100008808,300,RIDGE ST,CPD,NA,1739,"Via, Ryan",300 RIDGE ST Charlottesville VA,"c(-78.4856961, 38.0283691)"
14914,Narcotics,202100008740,1000,5TH ST SW,CPD,NA,2346,"Via, Ryan",1000 5TH ST SW Charlottesville VA,"c(-78.4945467, 38.0205643)"
14984,Drug/Narcotics Violation,202100008214,1300,W MAIN ST,CPD,NA,0521,"Blackwell, Kyle",1300 W MAIN ST Charlottesville VA,"c(-78.4979397, 38.0332883)"
15035,Drug Equipment Violation,202100007656,400,AVON ST,CPD,NA,0752,"Samar, Jack",400 AVON ST Charlottesville VA,"c(-78.4773719, 38.0266214)"
15049,Drug/Narcotics Violation,202100007536,200,E MARKET ST,CPD,NA,0812,"Thomas, Eric",200 E MARKET ST Charlottesville VA,"c(-78.4803669, 38.0311044)"
15075,Drug/Narcotics Violation,202100007295,600,E MARKET ST,CPD,NA,1747,"Lucas, Corbin",600 E MARKET ST Charlottesville VA,"c(-78.4774516, 38.0304104)"
15086,Narcotics,202100007203,1200,6TH ST SE,CPD,NA,2059,"Via, Ryan",1200 6TH ST SE Charlottesville VA,"c(-78.4843183, 38.0204774)"
15111,Drug/Narcotics Violation,202100006966,800,E JEFFERSON ST,CPD,NA,1811,"Whitten, Tobyn",800 E JEFFERSON ST Charlottesville VA,"c(-78.4754165, 38.0307983)"
15114,Drug Equipment Violation,202100006950,600,BOLLING AVE,CPD,NA,1452,"Samar, Jack",600 BOLLING AVE Charlottesville VA,"c(-78.4812549, 38.0240921)"
15129,Drug/Narcotics Violation,202100006843,1000,"RIDGE ST, 2",CPD,NA,1639,"Pendleton, Eric","1000 RIDGE ST, 2 Charlottesville VA","c(-78.4939961, 38.0191484)"
15139,Drug Investigation,202100006764,700,"HARRIS ST, 101",CPD,NA,1852,"Green, Bryan","700 HARRIS ST, 101 Charlottesville VA","c(-78.4842118, 38.0359157)"
15162,Narcotics,202100006653,400,10TH ST NW,CPD,NA,1642,"Fink, James",400 10TH ST NW Charlottesville VA,"c(-78.4918766, 38.0375648)"
15201,Drug Investigation,202100006220,600,PRESTON AVE,CPD,NA,1327,"Lowe, Courteny",600 PRESTON AVE Charlottesville VA,"c(-78.4862495, 38.0347258)"
15203,Drug/Narcotics Violation,202100006210,800,CHERRY AVE,CPD,NA,1048,"Pittman, Terry",800 CHERRY AVE Charlottesville VA,"c(-78.4933842, 38.0283131)"
15209,Drug Investigation,202100006129,600,E MAIN ST,CPD,NA,1404,"Lowe, Courteny",600 E MAIN ST Charlottesville VA,"c(-78.4776363, 38.0295656)"
15211,Drug/Narcotics Violation,202100006114,1000,KING ST,CPD,NA,1041,"Pittman, Terry",1000 KING ST Charlottesville VA,"c(-78.4972291, 38.0290503)"
15338,Narcotics,202100005033,900,ST CLAIR AVE,CPD,NA,2009,"Via, Jacob",900 ST CLAIR AVE Charlottesville VA,"c(-78.4638052, 38.0372988)"
15384,Narcotics,202100004602,1200,6TH ST SE,CPD,NA,1623,"Via, Ryan",1200 6TH ST SE Charlottesville VA,"c(-78.4843183, 38.0204774)"
15421,Drug/Narcotics Violation,202100004218,300,250 BYPASS,CPD,NA,2124,"Stein, Nathan",300 250 BYPASS Charlottesville VA,"c(-78.4806874, 38.0506896)"
15478,Drug/Narcotics Violation,202100003812,400,E MARKET ST,CPD,NA,1637,"Lewis, Joey",400 E MARKET ST Charlottesville VA,"c(-78.4787908, 38.0306425)"
15502,Narcotics,202100003597,1300,CARLTON AVE,CPD,NA,1927,"Whitten, Tobyn",1300 CARLTON AVE Charlottesville VA,"c(-78.4693363, 38.0220596)"
15591,Drug/Narcotics Violation,202100002870,1600,EMMET ST N,CPD,NA,1010,"Alfonso, Sean",1600 EMMET ST N Charlottesville VA,"c(-78.493877, 38.057909)"
15693,Drug/Narcotics Violation,202100001794,200,E MAIN ST,CPD,NA,1727,"Middleton, Matthew",200 E MAIN ST Charlottesville VA,"c(-78.4807636, 38.0305724)"
15868,Drug/Narcotics Violation,202000035972,300,6TH ST SW,CPD,NA,2311,"Blackwell, Kyle",300 6TH ST SW Charlottesville VA,"c(-78.4896319, 38.0292897)"
15871,Drug Investigation,202000035937,500,12TH ST NW,CPD,NA,1731,"Lowe, Courteny",500 12TH ST NW Charlottesville VA,"c(-78.494662, 38.0385968)"
15962,Drug/Narcotics Violation,202000035011,500,HARRIS RD,CPD,NA,1741,"Stein, Nathan",500 HARRIS RD Charlottesville VA,"c(-78.5036871, 38.0150991)"
16180,Drug Investigation,202000032998,1900,EMMET ST N,CPD,NA,1951,"Green, Bryan",1900 EMMET ST N Charlottesville VA,"c(-78.4925669, 38.0606411)"
16440,Narcotics,202000031009,100,ELKHORN RD,CPD,NA,1748,"Gower, Charles",100 ELKHORN RD Charlottesville VA,"c(-78.5018088, 38.0206952)"
16466,Drug/Narcotics Violation,202000030623,1900,EMMET ST N,CPD,NA,2002,"Eckenroth, Rachel",1900 EMMET ST N Charlottesville VA,"c(-78.4925669, 38.0606411)"
16499,Narcotics,202000030356,1800,EMMET ST N,CPD,NA,1744,"Gower, Charles",1800 EMMET ST N Charlottesville VA,"c(-78.4931319, 38.0597657)"
16508,Narcotics,202000030285,200,MONTE VISTA AVE,CPD,NA,1658,"Fink, James",200 MONTE VISTA AVE Charlottesville VA,"c(-78.5138374, 38.0162496)"
16787,Drug/Narcotics Violation,202000027907,1100,HILLTOP RD,CPD,NA,0408,"Harlow, Matthew",1100 HILLTOP RD Charlottesville VA,"c(-78.4943957, 38.0488512)"
16806,Drug/Narcotics Violation,202000027731,900,"CHARLTON AVE, D",CPD,NA,1101,"Maney, Edward","900 CHARLTON AVE, D Charlottesville VA","c(-78.4872464, 38.0382901)"
16823,Drug/Narcotics Violation,202000027594,1900,LEWIS MOUNTAIN RD,CPD,NA,2139,"Smith, Daniel",1900 LEWIS MOUNTAIN RD Charlottesville VA,"c(-78.5074648, 38.0374811)"
17068,Drug/Narcotics Violation,202000025689,300,CAMELIA DR,CPD,NA,1558,"Smith, Daniel",300 CAMELIA DR Charlottesville VA,"c(-78.5107749, 38.0121926)"
17296,Narcotics,202000023799,400,RIDGE MCINTIRE RD,CPD,NA,0814,"Morrison, Kyle",400 RIDGE MCINTIRE RD Charlottesville VA,"c(-78.4846049, 38.0325974)"
17435,Narcotics,202000022592,700,6TH ST SE,CPD,NA,1638,"Turner, Devon",700 6TH ST SE Charlottesville VA,"c(-78.4807219, 38.0251055)"
17455,Drug Investigation,202000022350,1200,EMMET ST N,CPD,NA,1426,"FLURY, MICHAEL",1200 EMMET ST N Charlottesville VA,"c(-78.4985906, 38.0529166)"
17551,Drug Investigation,202000021561,300,MONTE VISTA AVE,CPD,NA,0900,"Samar, Jack",300 MONTE VISTA AVE Charlottesville VA,"c(-78.5145128, 38.0130699)"
17662,Drug Investigation,202000020590,700,6TH ST SE,CPD,NA,2156,"Bowers, Justin",700 6TH ST SE Charlottesville VA,"c(-78.4807219, 38.0251055)"
17728,Narcotics,202000019899,400,"GARRETT ST, H",CPD,NA,0111,"Morris, William","400 GARRETT ST, H Charlottesville VA","c(-78.4816589, 38.0279351)"
17735,Narcotics,202000019809,900,"1ST ST S, B",CPD,NA,0217,"Fink, James","900 1ST ST S, B Charlottesville VA","c(-78.4856574, 38.0230289)"
17774,Drug/Narcotics Violation,202000019526,600,PRESTON AVE,CPD,NA,1608,"Lucas, Corbin",600 PRESTON AVE Charlottesville VA,"c(-78.4862495, 38.0347258)"
17812,Narcotics,202000019241,1600,EMMET ST N,CPD,NA,0608,"Morris, William",1600 EMMET ST N Charlottesville VA,"c(-78.493877, 38.057909)"
17889,Drug/Narcotics Violation,202000018773,2500,WILLARD DR,CPD,NA,1716,"Chan, William",2500 WILLARD DR Charlottesville VA,"c(-78.5102423, 38.0194051)"
17906,Drug Investigation,202000018618,700,6TH ST SE,CPD,NA,0217,"Arreguin, Arron",700 6TH ST SE Charlottesville VA,"c(-78.4807219, 38.0251055)"
17962,Narcotics,202000018136,1400,PEN PARK RD,CPD,NA,2231,"Raines, Christopher",1400 PEN PARK RD Charlottesville VA,"c(-78.4516153, 38.0498991)"
17979,Drug/Narcotics Violation,202000018004,100,SEMINOLE CT,CPD,NA,1911,"Chan, William",100 SEMINOLE CT Charlottesville VA,"c(-78.4881167, 38.065768)"
18038,Drug/Narcotics Violation,202000017464,800,E MARKET ST,CPD,NA,2212,"Houchens, Logan",800 E MARKET ST Charlottesville VA,"c(-78.4760291, 38.0295562)"
18078,Drug/Narcotics Violation,202000017075,500,STEWART ST,CPD,NA,1501,"FLURY, MICHAEL",500 STEWART ST Charlottesville VA,"c(-78.4647614, 38.0314763)"
18095,Drug/Narcotics Violation,202000016856,400,PRESTON AVE,CPD,NA,2155,"Huber, Christopher",400 PRESTON AVE Charlottesville VA,"c(-78.4843849, 38.033399)"
18106,Drug Investigation,202000016682,1900,EMMET ST N,CPD,NA,0359,"Arreguin, Arron",1900 EMMET ST N Charlottesville VA,"c(-78.4925669, 38.0606411)"
18186,Drug/Narcotics Violation,202000015827,100,GARRETT ST,CPD,NA,2157,"Huber, Christopher",100 GARRETT ST Charlottesville VA,"c(-78.4840161, 38.0290828)"
18277,Drug/Narcotics Violation,202000014791,800,CYNTHIANNA AVE,CPD,NA,1908,"Chan, William",800 CYNTHIANNA AVE Charlottesville VA,"c(-78.484407, 38.0396232)"
18294,Drug Investigation,202000014619,300,10 1/2 ST NW,CPD,NA,1702,"Holley, Barrett",300 10 1/2 ST NW Charlottesville VA,"c(-78.4943257, 38.035591)"
18416,Drug Investigation,202000013412,100,OLD PRESTON AVE,CPD,NA,2050,"Via, Ryan",100 OLD PRESTON AVE Charlottesville VA,"c(-78.4829043, 38.0312325)"
18439,Drug/Narcotics Violation,202000013174,1900,EMMET ST N,CPD,NA,1222,"Thomas, Eric",1900 EMMET ST N Charlottesville VA,"c(-78.4925669, 38.0606411)"
18468,Drug Investigation,202000012813,1600,"EMMET ST N, 227",CPD,NA,1322,"FLURY, MICHAEL","1600 EMMET ST N, 227 Charlottesville VA","c(-78.493877, 38.057909)"
18483,Drug/Narcotics Violation,202000012688,2000,"HOLIDAY DR, 118",CPD,NA,0727,"FLURY, MICHAEL","2000 HOLIDAY DR, 118 Charlottesville VA","c(-78.4914497, 38.057721)"
18515,Drug Equipment Violation,202000012343,1000,E MARKET ST,CPD,NA,2248,"Stein, Nathan",1000 E MARKET ST Charlottesville VA,"c(-78.4731082, 38.0285578)"
18614,Drug/Narcotics Violation,202000011205,1500,E HIGH ST,CPD,NA,0901,"Thomas, Eric",1500 E HIGH ST Charlottesville VA,"c(-78.4617403, 38.0329531)"
18667,Narcotics,202000010683,200,RIVERSIDE AVE,CPD,NA,2228,"Raines, Christopher",200 RIVERSIDE AVE Charlottesville VA,"c(-78.4563391, 38.0216341)"
18703,Drug/Narcotics Violation,202000010371,1300,POPLAR ST,CPD,NA,1836,"Holley, Barrett",1300 POPLAR ST Charlottesville VA,"c(-78.4670847, 38.0328499)"
18738,Drug/Narcotics Violation,202000010040,200,SHAMROCK RD,CPD,NA,2054,"Holley, Barrett",200 SHAMROCK RD Charlottesville VA,"c(-78.5131134, 38.0295175)"
18793,Drug Investigation,202000009385,100,W MARKET ST,CPD,NA,1229,"Samar, Jack",100 W MARKET ST Charlottesville VA,"c(-78.4825371, 38.0319643)"
18801,Drug/Narcotics Violation,202000009299,600,BOOKER ST,CPD,NA,1639,"Babij, Joshua",600 BOOKER ST Charlottesville VA,"c(-78.4891255, 38.0379083)"
18947,Drug Equipment Violation,202000008003,1100,5TH ST SW,CPD,NA,1818,"Lowry, Ryan",1100 5TH ST SW Charlottesville VA,"c(-78.497806, 38.01713)"
18965,Drug Equipment Violation,202000007915,1800,"EMMET ST N, 320",CPD,NA,1248,"FLURY, MICHAEL","1800 EMMET ST N, 320 Charlottesville VA","c(-78.4931319, 38.0597657)"
18992,Drug/Narcotics Violation,202000007747,900,EMMET ST N,CPD,NA,2259,"Huber, Christopher",900 EMMET ST N Charlottesville VA,"c(-78.502983, 38.048586)"
19037,Drug/Narcotics Violation,202000007349,200,9TH ST SW,CPD,NA,0947,"Thomas, Eric",200 9TH ST SW Charlottesville VA,"c(-78.4943929, 38.0307031)"
19055,Drug/Narcotics Violation,202000007191,200,8TH ST NW,CPD,NA,1515,"Boury, Bethany",200 8TH ST NW Charlottesville VA,"c(-78.489806, 38.0335899)"
19133,Narcotics,202000006611,800,W MAIN ST,CPD,NA,1633,"Oberholzer, Robbie",800 W MAIN ST Charlottesville VA,"c(-78.4903331, 38.0314795)"
19168,Narcotics,202000006346,700,"HARRIS ST, 202",CPD,NA,0912,"Lucas, Todd","700 HARRIS ST, 202 Charlottesville VA","c(-78.484471, 38.0358817)"
19205,Drug/Narcotics Violation,202000006033,1100,5TH ST SW,CPD,NA,0421,"McNerney, Todd",1100 5TH ST SW Charlottesville VA,"c(-78.497806, 38.01713)"
19232,Narcotics,202000005767,100,PEREGORY LN,CPD,NA,1735,"Fink, James",100 PEREGORY LN Charlottesville VA,"c(-78.4947933, 38.0053978)"
19254,Drug/Narcotics Violation,202000005611,1400,MELBOURNE RD,CPD,NA,1216,"Nash, Darius",1400 MELBOURNE RD Charlottesville VA,"c(-78.4746283, 38.0516386)"
19281,Drug Equipment Violation,202000005419,1200,GRADY AVE,CPD,NA,1954,"Babij, Joshua",1200 GRADY AVE Charlottesville VA,"c(-78.4943415, 38.0394575)"
19341,Drug/Narcotics Violation,202000004876,1400,MELBOURNE RD,CPD,NA,1308,"Nash, Darius",1400 MELBOURNE RD Charlottesville VA,"c(-78.4746283, 38.0516386)"
19376,Narcotics,202000004551,900,1ST ST S,CPD,NA,2309,"Belinski, Thomas",900 1ST ST S Charlottesville VA,"c(-78.4856599, 38.0228959)"
19424,Drug/Narcotics Violation,202000004224,400,RIDGE MCINTIRE RD,CPD,NA,1847,"Stein, Nathan",400 RIDGE MCINTIRE RD Charlottesville VA,"c(-78.4846049, 38.0325974)"
19457,Drug/Narcotics Violation,202000004042,2200,"ANGUS RD, 21",CPD,NA,1907,"Holley, Barrett","2200 ANGUS RD, 21 Charlottesville VA","c(-78.4971684, 38.0610206)"
19490,Drug/Narcotics Violation,202000003753,1400,MELBOURNE RD,CPD,NA,1146,"Nash, Darius",1400 MELBOURNE RD Charlottesville VA,"c(-78.4746283, 38.0516386)"
19535,Drug Investigation,202000003456,1400,MELBOURNE RD,CPD,NA,0938,"McKeown, Kaitlyn",1400 MELBOURNE RD Charlottesville VA,"c(-78.4746283, 38.0516386)"
19543,Narcotics,202000003353,900,5TH ST SW,CPD,NA,1333,"Raines, Christopher",900 5TH ST SW Charlottesville VA,"c(-78.493655, 38.0216885)"
19564,Drug/Narcotics Violation,202000003196,1400,VINE ST,CPD,NA,1910,"Huber, Christopher",1400 VINE ST Charlottesville VA,"c(-78.4686008, 38.0196979)"
19661,Drug/Narcotics Violation,202000002611,1400,PEN PARK RD,CPD,NA,2213,"Lowry, Ryan",1400 PEN PARK RD Charlottesville VA,"c(-78.4516153, 38.0498991)"
19674,Drug/Narcotics Violation,202000002506,100,LAUREL CIR,CPD,NA,2137,"Stein, Nathan",100 LAUREL CIR Charlottesville VA,"c(-78.5014093, 38.024043)"
19682,Narcotics,202000002444,1700,UNIVERSITY AVE,CPD,NA,1208,"Burnett, James",1700 UNIVERSITY AVE Charlottesville VA,"c(-78.5021417, 38.0358061)"
19792,Drug Investigation,202000001450,2000,MORTON DR,CPD,NA,1228,"Boury, Bethany",2000 MORTON DR Charlottesville VA,"c(-78.494773, 38.0559659)"
19876,Drug/Narcotics Violation,202000000865,1400,FOREST RIDGE RD,CPD,NA,1849,"Lewis, Joey",1400 FOREST RIDGE RD Charlottesville VA,"c(-78.4977693, 38.0253485)"
19927,Drug Investigation,202000000368,100,"HARTMANS MILL RD, A",CPD,NA,1834,"Bowers, Justin","100 HARTMANS MILL RD, A Charlottesville VA","c(-78.4885978, 38.0184912)"
20039,Narcotics,201900037763,1400,PEN PARK RD,CPD,NA,2227,"Harris, Frank",1400 PEN PARK RD Charlottesville VA,"c(-78.4516153, 38.0498991)"
20073,Drug/Narcotics Violation,201900037509,800,CHERRY AVE,CPD,NA,2015,"Stein, Nathan",800 CHERRY AVE Charlottesville VA,"c(-78.4933842, 38.0283131)"
20135,Narcotics,201900037027,900,EMMET ST N,CPD,NA,0020,"Belinski, Thomas",900 EMMET ST N Charlottesville VA,"c(-78.502983, 38.048586)"
20176,Drug/Narcotics Violation,201900036815,1100,5TH ST SW,CPD,NA,1932,"Stein, Nathan",1100 5TH ST SW Charlottesville VA,"c(-78.497806, 38.01713)"
20387,Narcotics,201900035323,800,"FRANKLIN ST, 4",CPD,NA,1754,"Raines, Christopher","800 FRANKLIN ST, 4 Charlottesville VA","c(-78.4669912, 38.0185081)"
20516,Drug/Narcotics Violation,201900034305,1800,LAMBETH LN,CPD,NA,2107,"Stein, Nathan",1800 LAMBETH LN Charlottesville VA,"c(-78.5012569, 38.0404182)"
20538,Drug/Narcotics Violation,201900034130,1000,CHERRY AVE,CPD,NA,1129,"Culbreath, Jonathan",1000 CHERRY AVE Charlottesville VA,"c(-78.4980135, 38.0270336)"
20583,Drug/Narcotics Violation,201900033812,500,HARRIS RD,CPD,NA,0930,"Pendleton, Eric",500 HARRIS RD Charlottesville VA,"c(-78.5036871, 38.0150991)"
20598,Drug/Narcotics Violation,201900033687,1100,EMMET ST N,CPD,NA,1833,"Stein, Nathan",1100 EMMET ST N Charlottesville VA,"c(-78.501523, 38.0516392)"
20717,Drug Investigation,201900032718,200,OLD LYNCHBURG RD,CPD,NA,1935,"Stein, Nathan",200 OLD LYNCHBURG RD Charlottesville VA,"c(-78.5145494, 38.0157702)"
20909,Drug Investigation,201900031459,1300,"E MARKET ST, A",CPD,NA,1556,"Thelen, Rebecca","1300 E MARKET ST, A Charlottesville VA","c(-78.4673962, 38.0263874)"
20921,Drug/Narcotics Violation,201900031350,400,E MARKET ST,CPD,NA,1655,"Shiflett, Tammy",400 E MARKET ST Charlottesville VA,"c(-78.4787908, 38.0306425)"
20942,Narcotics,201900031120,1100,ROSE HILL DR,CPD,NA,2324,"Adams, Jonathan",1100 ROSE HILL DR Charlottesville VA,"c(-78.4840357, 38.0416569)"
20970,Drug/Narcotics Violation,201900030925,1400,MELBOURNE RD,CPD,NA,1036,"Nash, Darius",1400 MELBOURNE RD Charlottesville VA,"c(-78.4746283, 38.0516386)"
21051,Drug Equipment Violation,201900030360,1000,PAGE ST,CPD,NA,1014,"Thomas, Eric",1000 PAGE ST Charlottesville VA,"c(-78.4938136, 38.0351746)"
21061,Drug/Narcotics Violation,201900030294,1600,EMMET ST N,CPD,NA,1818,"Lee, Chandler",1600 EMMET ST N Charlottesville VA,"c(-78.493877, 38.057909)"
21148,Narcotics,201900029767,500,2ND ST SE,CPD,NA,2115,"Gower, Charles",500 2ND ST SE Charlottesville VA,"c(-78.4827862, 38.0262839)"
21173,Drug Investigation,201900029558,500,HARRIS RD,CPD,NA,0938,"Pendleton, Eric",500 HARRIS RD Charlottesville VA,"c(-78.5036871, 38.0150991)"
21179,Drug/Narcotics Violation,201900029534,100,2ND ST SW,CPD,NA,0209,"Belinski, Thomas",100 2ND ST SW Charlottesville VA,"c(-78.4822548, 38.0310183)"
21278,Drug/Narcotics Violation,201900028756,100,W MAIN ST,CPD,NA,1246,"Shiflett, Tammy",100 W MAIN ST Charlottesville VA,"c(-78.481656, 38.0307181)"
21281,Drug Investigation,201900028749,1400,BRIARCLIFF AVE,CPD,NA,1144,"Curtis, David",1400 BRIARCLIFF AVE Charlottesville VA,"c(-78.4986957, 38.0242716)"
21288,Drug/Narcotics Violation,201900028671,1300,E MARKET ST,CPD,NA,2056,"Huber, Christopher",1300 E MARKET ST Charlottesville VA,"c(-78.4673962, 38.0263874)"
21330,Drug/Narcotics Violation,201900028351,800,W MAIN ST,CPD,NA,0139,"FLURY, MICHAEL",800 W MAIN ST Charlottesville VA,"c(-78.4903331, 38.0314795)"
21338,Drug Investigation,201900028301,1100,MILLMONT ST,CPD,NA,1604,"Thelen, Rebecca",1100 MILLMONT ST Charlottesville VA,"c(-78.5025274, 38.0526705)"
21348,Drug/Narcotics Violation,201900028210,800,BELMONT AVE,CPD,NA,2122,"Chan, William",800 BELMONT AVE Charlottesville VA,"c(-78.4769482, 38.0242374)"
21387,Narcotics,201900027887,1200,GRADY AVE,CPD,NA,2113,"Jaeger, Jeffrey",1200 GRADY AVE Charlottesville VA,"c(-78.4943415, 38.0394575)"
21635,Drug/Narcotics Violation,201900026182,200,RIDGE ST,CPD,NA,1347,"FLURY, MICHAEL",200 RIDGE ST Charlottesville VA,"c(-78.4855597, 38.0295223)"
21772,Drug Investigation,201900025026,600,E MARKET ST,CPD,NA,0802,"Reed, Patrick",600 E MARKET ST Charlottesville VA,"c(-78.4774516, 38.0304104)"
21802,Drug/Narcotics Violation,201900024803,900,PAGE ST,CPD,NA,1444,"FLURY, MICHAEL",900 PAGE ST Charlottesville VA,"c(-78.4919985, 38.0347432)"
21843,Drug/Narcotics Violation,201900024444,700,"HARRIS ST, 202",CPD,NA,0852,"KEPLINGER, CHRISTOPHER","700 HARRIS ST, 202 Charlottesville VA","c(-78.484471, 38.0358817)"
21855,Drug/Narcotics Violation,201900024366,200,BYPASS W,CPD,NA,1334,"Thelen, Rebecca",200 BYPASS W Charlottesville VA,"c(-78.4766781, 38.0293059)"
21908,Drug Investigation,201900023937,700,FRANKLIN ST,CPD,NA,1903,"Bowers, Justin",700 FRANKLIN ST Charlottesville VA,"c(-78.465505, 38.0195488)"
21922,Drug Investigation,201900023841,1800,EMMET ST N,CPD,NA,0237,"Jones, Mark",1800 EMMET ST N Charlottesville VA,"c(-78.4931319, 38.0597657)"
21926,Drug/Narcotics Violation,201900023799,200,W MAIN ST,CPD,NA,1743,"Huber, Christopher",200 W MAIN ST Charlottesville VA,"c(-78.4825173, 38.0308406)"
21978,Drug Investigation,201900023419,1300,CARLTON AVE,CPD,NA,0203,"Bowers, Justin",1300 CARLTON AVE Charlottesville VA,"c(-78.4693363, 38.0220596)"
21997,Drug/Narcotics Violation,201900023301,1400,VINE ST,CPD,NA,2242,"Reed, Patrick",1400 VINE ST Charlottesville VA,"c(-78.4686008, 38.0196979)"
22011,Narcotics,201900023180,1000,FOREST HILLS AVE,CPD,NA,2258,"Reed, Patrick",1000 FOREST HILLS AVE Charlottesville VA,"c(-78.4957351, 38.025324)"
22021,Drug/Narcotics Violation,201900023043,300,6TH ST SW,CPD,NA,1652,"Chan, William",300 6TH ST SW Charlottesville VA,"c(-78.4896319, 38.0292897)"
22124,Drug/Narcotics Violation,201900022026,3000,"CITY WALK WAY, 306",CPD,NA,1509,"Bowlin, Jacob","3000 CITY WALK WAY, 306 Charlottesville VA","c(-78.4686278, 38.0260647)"
22177,Narcotics,201900021660,900,5TH ST SW,CPD,NA,1124,"HARPINE, MATTHEW",900 5TH ST SW Charlottesville VA,"c(-78.493655, 38.0216885)"
22179,Drug/Narcotics Violation,201900021655,1000,W MAIN ST,CPD,NA,0937,"HARPINE, MATTHEW",1000 W MAIN ST Charlottesville VA,"c(-78.4952169, 38.0323477)"
22194,Drug/Narcotics Violation,201900021577,900,5TH ST SW,CPD,NA,1513,"Thomas, Eric",900 5TH ST SW Charlottesville VA,"c(-78.493655, 38.0216885)"
22197,Drug/Narcotics Violation,201900021552,1900,"EMMET ST N, 312",CPD,NA,1144,"Thelen, Rebecca","1900 EMMET ST N, 312 Charlottesville VA","c(-78.4925669, 38.0606411)"
22219,Drug Equipment Violation,201900021329,700,HARRIS ST,CPD,NA,1024,"Johnston, Ernest",700 HARRIS ST Charlottesville VA,"c(-78.4842118, 38.0359157)"
22341,Drug/Narcotics Violation,201900020113,900,DRUID AVE,CPD,NA,1419,"HARPINE, MATTHEW",900 DRUID AVE Charlottesville VA,"c(-78.4793458, 38.017986)"
22430,Drug/Narcotics Violation,201900019365,700,"HARRIS ST, 207",CPD,NA,1307,"Barbour, Tremaine","700 HARRIS ST, 207 Charlottesville VA","c(-78.4842118, 38.0359157)"
22434,Narcotics,201900019321,1200,LEE ST,CPD,NA,0234,"Reed, Patrick",1200 LEE ST Charlottesville VA,"c(-78.4985288, 38.0318629)"
22447,Narcotics,201900019237,1200,LEE ST,CPD,NA,1010,"Oberholzer, Robbie",1200 LEE ST Charlottesville VA,"c(-78.4985288, 38.0318629)"
22590,Drug/Narcotics Violation,201900018063,200,HARTMANS MILL RD,CPD,NA,2333,"Huber, Christopher",200 HARTMANS MILL RD Charlottesville VA,"c(-78.4884026, 38.0196976)"
22628,Drug/Narcotics Violation,201900017722,800,RIDGE ST,CPD,NA,0113,"Zhang, Kai",800 RIDGE ST Charlottesville VA,"c(-78.4912875, 38.0221906)"
22670,Narcotics,201900017272,700,"MASON ST, A",CPD,NA,2011,"Bowers, Justin","700 MASON ST, A Charlottesville VA","c(-78.4658252, 38.0196735)"
22701,Drug/Narcotics Violation,201900016914,1000,LINDEN AVE,CPD,NA,0921,"KEPLINGER, CHRISTOPHER",1000 LINDEN AVE Charlottesville VA,"c(-78.4700359, 38.0142389)"
22721,Narcotics,201900016766,500,W MAIN ST,CPD,NA,2030,"Quinlan, Richard",500 W MAIN ST Charlottesville VA,"c(-78.4879119, 38.0307934)"
22838,Drug/Narcotics Violation,201900015867,1400,"VINE ST, B",CPD,NA,2241,"HARPINE, MATTHEW","1400 VINE ST, B Charlottesville VA","c(-78.4686008, 38.0196979)"
22866,Narcotics,201900015662,700,PROSPECT AVE,CPD,NA,2300,"HARPINE, MATTHEW",700 PROSPECT AVE Charlottesville VA,"c(-78.4943958, 38.0246386)"
22905,Drug/Narcotics Violation,201900015383,600,12TH ST NW,CPD,NA,1457,"Zhang, Kai",600 12TH ST NW Charlottesville VA,"c(-78.4942904, 38.0394456)"
22979,Drug/Narcotics Violation,201900014724,100,LANKFORD AVE,CPD,NA,1503,"Maney, Edward",100 LANKFORD AVE Charlottesville VA,"c(-78.4870708, 38.02128)"
23005,Drug/Narcotics Violation,201900014550,700,FRANKLIN ST,CPD,NA,2238,"Byrd, Timothy",700 FRANKLIN ST Charlottesville VA,"c(-78.465505, 38.0195488)"
23099,Narcotics,201900013817,1400,VINE ST,CPD,NA,0838,"Bayles, Shawn",1400 VINE ST Charlottesville VA,"c(-78.4686008, 38.0196979)"
23105,Drug/Narcotics Violation,201900013750,500,PARK ST,CPD,NA,1619,"Childers, Lynn",500 PARK ST Charlottesville VA,"c(-78.4757716, 38.0330367)"
23118,Drug Investigation,201900013679,900,RIVES ST,CPD,NA,2351,"Arreguin, Arron",900 RIVES ST Charlottesville VA,"c(-78.469803, 38.0177396)"
23160,Drug/Narcotics Violation,201900013352,800,E MARKET ST,CPD,NA,1112,"Bowlin, Jacob",800 E MARKET ST Charlottesville VA,"c(-78.4760291, 38.0295562)"
23165,Narcotics,201900013291,800,NASSAU ST,CPD,NA,2112,"Maney, Edward",800 NASSAU ST Charlottesville VA,"c(-78.4675794, 38.0184647)"
23170,Drug Investigation,201900013241,100,AZALEA DR,CPD,NA,1351,"Cundiff, Ross",100 AZALEA DR Charlottesville VA,"c(-78.511485, 38.015732)"
23184,Drug/Narcotics Violation,201900013130,400,E JEFFERSON ST,CPD,NA,1552,"Houchens, Logan",400 E JEFFERSON ST Charlottesville VA,"c(-78.4784596, 38.0314062)"
23206,Drug Investigation,201900012991,1400,VINE ST,CPD,NA,0158,"Arreguin, Arron",1400 VINE ST Charlottesville VA,"c(-78.4686008, 38.0196979)"
23230,Drug/Narcotics Violation,201900012781,1000,PRESTON AVE,CPD,NA,1235,"Thomas, Eric",1000 PRESTON AVE Charlottesville VA,"c(-78.4916333, 38.0391546)"
23255,Drug Investigation,201900012614,100,ELLIEWOOD AVE,CPD,NA,0307,"Morris, William",100 ELLIEWOOD AVE Charlottesville VA,"c(-78.5005709, 38.0363092)"
23318,Narcotics,201900012061,1400,PEN PARK RD,CPD,NA,2230,"Raines, Christopher",1400 PEN PARK RD Charlottesville VA,"c(-78.4516153, 38.0498991)"
23384,Narcotics,201900011560,1600,MADISON AVE,CPD,NA,2053,"Raines, Christopher",1600 MADISON AVE Charlottesville VA,"c(-78.4867236, 38.0416287)"
23409,Narcotics,201900011433,1600,"MONTICELLO AVE, 2",CPD,NA,1827,"Roberts, David","1600 MONTICELLO AVE, 2 Charlottesville VA","c(-78.4759879, 38.0166006)"
23453,Drug Investigation,201900011041,1600,"EMMET ST N, 225",CPD,NA,1715,"Pittman, Terry","1600 EMMET ST N, 225 Charlottesville VA","c(-78.493877, 38.057909)"
23491,Narcotics,201900010773,300,MEADE AVE,CPD,NA,2207,"Raines, Christopher",300 MEADE AVE Charlottesville VA,"c(-78.4660976, 38.0277592)"
23526,Drug/Narcotics Violation,201900010444,300,RIDGE ST,CPD,NA,1739,"Burchardt, Rudy",300 RIDGE ST Charlottesville VA,"c(-78.4856961, 38.0283691)"
23868,Narcotics,201900008343,1200,LONG ST,CPD,NA,1607,"Raines, Christopher",1200 LONG ST Charlottesville VA,"c(-78.4644269, 38.0368708)"
24030,Narcotics,201900007119,500,6TH ST SE,CPD,NA,1816,"Roberts, David",500 6TH ST SE Charlottesville VA,"c(-78.4795527, 38.0265944)"
24060,Drug/Narcotics Violation,201900006897,800,RUN ST,CPD,NA,1810,"Maney, Edward",800 RUN ST Charlottesville VA,"c(-78.493517, 38.0345415)"
24102,Drug/Narcotics Violation,201900006624,700,PROSPECT AVE,CPD,NA,0545,"Fink, James",700 PROSPECT AVE Charlottesville VA,"c(-78.4943958, 38.0246386)"
24152,Drug Investigation,201900006217,1000,BELMONT AVE,CPD,NA,0856,"Pendleton, Eric",1000 BELMONT AVE Charlottesville VA,"c(-78.4744552, 38.02271)"
24254,Drug/Narcotics Violation,201900005398,300,E JEFFERSON ST,CPD,NA,0233,"Pittman, Terry",300 E JEFFERSON ST Charlottesville VA,"c(-78.4792946, 38.031821)"
24259,Drug Investigation,201900005339,500,PARK ST,CPD,NA,1620,"Barbour, Tremaine",500 PARK ST Charlottesville VA,"c(-78.4757716, 38.0330367)"
24425,Drug Investigation,201900004104,1800,EMMET ST N,CPD,NA,2044,"Burchardt, Rudy",1800 EMMET ST N Charlottesville VA,"c(-78.4931319, 38.0597657)"
24491,Narcotics,201900003685,200,5TH ST SW,CPD,NA,1709,"Roberts, David",200 5TH ST SW Charlottesville VA,"c(-78.4880474, 38.030252)"
24521,Drug Investigation,201900003491,300,"2ND ST NW, *",CPD,NA,1110,"Holley, Barrett","300 2ND ST NW, * Charlottesville VA","c(-78.4815503, 38.0325294)"
24551,Drug/Narcotics Violation,201900003273,100,7TH ST NE,CPD,NA,1149,"Bowlin, Jacob",100 7TH ST NE Charlottesville VA,"c(-78.476525, 38.0297706)"
24554,Drug/Narcotics Violation,201900003264,1600,AVON ST,CPD,NA,1001,"Johnston, Ernest",1600 AVON ST Charlottesville VA,"c(-78.4848809, 38.016554)"
24566,Drug Investigation,201900003192,700,"HARRIS ST, 207",CPD,NA,1410,"Thelen, Rebecca","700 HARRIS ST, 207 Charlottesville VA","c(-78.4842118, 38.0359157)"
24592,Narcotics,201900003004,900,1ST ST S,CPD,NA,1507,"Belinski, Thomas",900 1ST ST S Charlottesville VA,"c(-78.4856599, 38.0228959)"
24615,Drug/Narcotics Violation,201900002780,100,"LANKFORD AVE, 2",CPD,NA,1012,"Thomas, Eric","100 LANKFORD AVE, 2 Charlottesville VA","c(-78.4870708, 38.02128)"
24647,Drug/Narcotics Violation,201900002489,1600,EMMET ST N,CPD,NA,1527,"Burchardt, Rudy",1600 EMMET ST N Charlottesville VA,"c(-78.493877, 38.057909)"
24692,Narcotics,201900002162,800,W MAIN ST,CPD,NA,2050,"Quinlan, Richard",800 W MAIN ST Charlottesville VA,"c(-78.4903331, 38.0314795)"
