RecordID,Offense,IncidentID,BlockNumber,StreetName,Agency,DateReported,HourReported,ReportingOfficer
39,Drug/Narcotics Violation,202400001798,100,"LONGWOOD DR, B",CPD,2024/01/19 04:37:07+00,2337,"McLeod, Dustin"
168,Drug/Narcotics Violation,202400000712,1000,"CHERRY AVE, B",CPD,2024/01/08 22:09:02+00,1709,"Vlasis, Christopher"
195,Drug/Narcotics Violation,202400000526,,11TH ST NW / GORDON AVE,CPD,2024/01/07 00:49:28+00,1949,"Curry, Brian"
235,Drug/Narcotics Violation,202400000291,1400,MELBOURNE RD,CPD,2024/01/04 14:37:39+00,0937,"Wagner, Christopher "
241,Drug Equipment Violation,202400000261,100,"CHANCELLOR ST, 1",CPD,2024/01/04 07:44:01+00,0244,"Samar, Jack"
277,Drug/Narcotics Violation,202300040151,1000,"LINDEN AVE, 308",CPD,2024/01/01 03:37:13+00,2237,"Lowry, Brent"
319,Narcotics,202300039915,900,CHARLTON AVE,CPD,2023/12/29 04:53:43+00,2353,"Wells, Matthew"
389,Narcotics,202300039540,,ROSE HILL DR / DALE AVE,CPD,2023/12/23 05:50:36+00,0050,"Wells, Matthew"
428,Narcotics,202300039298,700,PROSPECT AVE,CPD,2023/12/20 06:39:18+00,0139,"Blackwell, Ryan"
455,Narcotics,202300039071,400,MOSELEY DR,CPD,2023/12/17 20:08:59+00,1508,"Green, Bryan"
500,Drug Investigation,202300038801,1400,MELBOURNE RD,CPD,2023/12/14 20:07:53+00,1507,"Lowe, Courteny"
622,Drug/Narcotics Violation,202300037732,400,EARHART ST,CPD,2023/12/05 02:46:07+00,2146,"Curry, Brian"
720,Narcotics,202300037059,1400,MELBOURNE RD,CPD,2023/11/28 14:56:03+00,0956,"Burnett, James"
845,Drug Equipment Violation,202300036306,1000,PRESTON AVE,CPD,2023/11/19 00:07:48+00,1907,"Darby, Michael"
992,Drug/Narcotics Violation,202300035247,1600,"EMMET ST N, 339",CPD,2023/11/08 09:43:15+00,0443,"Miller, Devin"
1061,Drug Investigation,202300034896,1900,EMMET ST N,CPD,2023/11/04 04:54:05+00,0054,"Wells, Matthew"
1100,Drug Equipment Violation,202300034715,400,"CHERRY AVE, 307",CPD,2023/11/02 13:11:26+00,0911,"Green, Bryan"
1123,Drug/Narcotics Violation,202300034571,200,RIDGE MCINTIRE RD,CPD,2023/11/01 01:55:52+00,2155,"Aguilera, Natalia"
1178,Drug Investigation,202300034219,1100,"PRESTON AVE, 8A",CPD,2023/10/28 09:08:00+00,0508,"Mian, Ghulam"
1216,Drug/Narcotics Violation,202300033951,800,E MARKET ST,CPD,2023/10/26 04:32:34+00,0032,"Wells, Matthew"
1576,Drug/Narcotics Violation,202300031716,1000,PRESTON AVE,CPD,2023/10/04 20:48:33+00,1648,"Houchens, Jamell"
1933,Drug/Narcotics Violation,202300029479,900,EMMET ST N,CPD,2023/09/13 21:29:05+00,1729,"Bentz, Benjamin "
2010,Drug/Narcotics Violation,202300028974,100,"14TH ST NW, 1",CPD,2023/09/09 06:18:25+00,0218,"Wood, Trevis"
2012,Drug Investigation,202300028960,400,RIDGE MCINTIRE RD,CPD,2023/09/09 03:39:59+00,2339,"Wells, Matthew"
2029,Drug Investigation,202300028859,800,"HARDY DR, C",CPD,2023/09/08 08:08:04+00,0408,"Wood, Trevis"
2147,Drug Investigation,202300028062,1500,E HIGH ST,CPD,2023/08/31 02:17:56+00,2217,"Wells, Matthew"
2248,Drug/Narcotics Violation,202300027146,2100,"MICHIE DR, 3",CPD,2023/08/22 22:09:15+00,1809,"Pinkman, Jackson"
2343,Narcotics,202300026511,600,PRESTON AVE,CPD,2023/08/17 00:42:09+00,2042,"Lowry, Ryan"
2446,Narcotics,202300025731,,12TH ST NW / GRADY AVE,CPD,2023/08/10 04:29:23+00,0029,"Lowry, Ryan"
2478,Narcotics,202300025446,800,AVON ST,CPD,2023/08/07 22:35:44+00,1835,"Lowry, Ryan"
2620,Drug Investigation,202300024406,1200,"CEDARS CT, 301",CPD,2023/07/29 15:26:40+00,1126,"Venereo, Arturo"
2711,Narcotics,202300023731,100,"E MAIN ST, A",CPD,2023/07/23 03:41:10+00,2341,"Darby, Michael"
2741,Drug Equipment Violation,202300023470,100,W MAIN ST,CPD,2023/07/20 22:52:45+00,1852,"Darby, Michael"
2801,Drug/Narcotics Violation,202300023031,900,HARRIS ST,CPD,2023/07/17 02:08:07+00,2208,"Darby, Michael"
2820,Drug Investigation,202300022896,1400,BRIARCLIFF AVE,CPD,2023/07/15 16:39:28+00,1239,"Green, Bryan"
2821,Drug Investigation,202300022877,100,OLD LYNCHBURG RD,CPD,2023/07/15 13:05:41+00,0905,"Green, Bryan"
2854,Drug/Narcotics Violation,202300022631,1600,"EMMET ST N, 332",CPD,2023/07/13 09:54:17+00,0554,"Miller, Devin"
2910,Drug Equipment Violation,202300022221,500,E MARKET ST,CPD,2023/07/09 01:40:44+00,2140,"Bentz, Benjamin "
2923,Drug/Narcotics Violation,202300022109,1600,EMMET ST N,CPD,2023/07/07 21:25:51+00,1725,"Hannay, Jacob"
3057,Narcotics,202300020976,800,"HARDY DR, D",CPD,2023/06/27 19:46:58+00,1546,"Burnett, James"
3110,Narcotics,202300020634,100,MONTICELLO AVE,CPD,2023/06/24 01:22:25+00,2122,"Middleton, Matthew"
3218,Drug/Narcotics Violation,202300019848,300,7 1/2 ST SW,CPD,2023/06/16 15:22:26+00,1122,"Pendleton, Eric"
3253,Drug Equipment Violation,202300019562,1200,GRADY AVE,CPD,2023/06/14 04:51:12+00,0051,"Samar, Jack"
3273,Narcotics,202300019405,2400,"ARLINGTON BLVD, 19",CPD,2023/06/12 21:22:00+00,1722,"Darby, Michael"
3302,Drug/Narcotics Violation,202300019209,100,"NORTH BAKER ST, A",CPD,2023/06/10 20:45:38+00,1645,"Darby, Michael"
3328,Drug/Narcotics Violation,202300019041,900,PRESTON AVE,CPD,2023/06/09 10:03:37+00,0603,"Headley, Someya"
3713,Drug Investigation,202300015844,100,E MAIN ST,CPD,2023/05/12 03:50:12+00,2350,"Wells, Matthew"
3740,Drug/Narcotics Violation,202300015538,,PRESTON AVE @ ROSE HILL DR,CPD,2023/05/10 00:40:48+00,2040,"Vlasis, Christopher"
3845,Drug/Narcotics Violation,202300014798,1100,EMMET ST N,CPD,2023/05/03 16:46:32+00,1246,"Lowry, Ryan"
3862,Drug/Narcotics Violation,202300014591,600,PRESTON AVE,CPD,2023/05/01 22:24:53+00,1824,"Darby, Michael"
4072,Drug Investigation,202300012787,1000,CARLTON AVE,CPD,2023/04/17 16:03:01+00,1203,"Eckenroth, Rachel"
4159,Narcotics,202300011898,,12TH ST NW / GRADY AVE,CPD,2023/04/10 21:19:48+00,1719,"Darby, Michael"
4220,Drug Investigation,202300011362,1200,"EMMET ST N, 110",CPD,2023/04/07 00:40:27+00,2040,"Headley, Someya"
4241,Drug/Narcotics Violation,202300011201,400,W MAIN ST,CPD,2023/04/05 22:29:36+00,1829,"Huber, Christopher"
4352,Drug/Narcotics Violation,202300010051,400,"GARRETT ST, G",CPD,2023/03/28 13:12:38+00,0912,"Pendleton, Eric"
4595,Drug/Narcotics Violation,202300008289,,JEFFERSON PARK AVE / OLD LYNCHBURG RD,CPD,2023/03/14 06:17:41+00,0217,"Payne, Katherine"
4646,Drug/Narcotics Violation,202300007761,1000,DRUID AVE,CPD,2023/03/09 20:16:15+00,1516,"Pendleton, Eric"
4689,Drug Investigation,202300007381,300,"15TH ST NW, 5030",CPD,2023/03/06 18:12:01+00,1312,"O'Briant, Landon"
4709,Drug/Narcotics Violation,202300007199,,LOCUST AVE / E HIGH ST,CPD,2023/03/05 05:31:14+00,0031,"Darby, Michael"
4808,Drug Investigation,202300006230,1000,FOREST HILLS AVE,CPD,2023/02/25 19:32:10+00,1432,"O'Briant, Landon"
4825,Narcotics,202300006132,800,HARDY DR,CPD,2023/02/24 23:48:26+00,1848,"Middleton, Matthew"
4928,Drug/Narcotics Violation,202300005141,300,"2ND ST SE, 100",CPD,2023/02/16 11:54:51+00,0654,"Wood, Trevis"
5015,Drug/Narcotics Violation,202300004392,100,JUNCTION LN,CPD,2023/02/09 22:05:22+00,1705,"Lowry, Ryan"
5039,Drug Investigation,202300004156,700,E WATER ST,CPD,2023/02/08 01:31:20+00,2031,"Darby, Michael"
5265,Drug Investigation,202300002293,1600,MONTICELLO AVE,CPD,2023/01/22 06:51:25+00,0151,"Vlasis, Christopher"
5268,Drug Investigation,202300002230,1800,MONTICELLO RD,CPD,2023/01/21 21:25:07+00,1625,"Green, Bryan"
5294,Drug Investigation,202300002033,100,"E MAIN ST, 201",CPD,2023/01/20 04:34:06+00,2334,"Aguilera, Natalia"
5449,Drug Investigation,202300000909,2000,HOLIDAY DR,CPD,2023/01/09 21:54:25+00,1654,"Mullins, James"
5574,Drug Investigation,202200037633,,RIDGE ST / BROOKWOOD DR,CPD,2022/12/30 21:46:17+00,1646,"Green, Bryan"
6052,Drug/Narcotics Violation,202200034534,400,"CHERRY AVE, 401",CPD,2022/11/28 15:16:59+00,1016,"Lowry, Ryan"
6198,Drug Investigation,202200033463,800,ALTAVISTA AVE,CPD,2022/11/16 13:39:17+00,0839,"Pendleton, Eric"
6215,Drug Investigation,202200033321,900,RIVES ST,CPD,2022/11/15 04:44:32+00,2344,"Vlasis, Christopher"
6272,Drug/Narcotics Violation,202200032848,1000,FOREST HILLS AVE,CPD,2022/11/10 21:02:02+00,1602,"Huber, Christopher"
6273,Drug/Narcotics Violation,202200032847,1400,FOREST RIDGE RD,CPD,2022/11/10 20:49:04+00,1549,"Huber, Christopher"
6482,Drug Investigation,202200031404,,MEADE AVE / STEWART ST,CPD,2022/10/29 05:25:49+00,0125,"Vlasis, Christopher"
6682,Drug/Narcotics Violation,202200030029,1700,HYDRAULIC RD,CPD,2022/10/17 10:40:25+00,0640,"Curry, Brian"
6744,Drug Investigation,202200029622,700,"PROSPECT AVE, A",CPD,2022/10/13 12:13:21+00,0813,"Green, Bryan"
6911,Drug Investigation,202200028555,100,W MARKET ST,CPD,2022/10/02 14:13:06+00,1013,"Barbour, Tremaine"
6926,Narcotics,202200028461,2300,"ANGUS RD, A",CPD,2022/10/01 12:04:51+00,0804,"Burnett, James"
7427,Drug Investigation,202200025093,800,CHERRY AVE,CPD,2022/08/31 09:51:29+00,0551,"Mullins, James"
7499,Drug/Narcotics Violation,202200024583,500,RIDGE ST,CPD,2022/08/26 23:38:01+00,1938,"Smith, Daniel"
7537,Drug Investigation,202200024346,600,PRESTON AVE,CPD,2022/08/24 21:49:59+00,1749,"Lowry, Brent"
7615,Drug Investigation,202200023852,3800,-78.4748563960000000,CPD,2022/08/20 07:09:51+00,0309,"Curry, Brian"
7720,Drug/Narcotics Violation,202200023172,1100,PRESTON AVE,CPD,2022/08/14 00:11:56+00,2011,"Lee, Chandler"
7754,Drug Investigation,202200022928,400,QUARRY RD,CPD,2022/08/11 23:19:03+00,1919,"Mullins, James"
7857,Drug Investigation,202200022342,200,"5TH ST SW, A",CPD,2022/08/06 07:52:03+00,0352,"Vlasis, Christopher"
8103,Drug Investigation,202200020594,900,ALBEMARLE ST,CPD,2022/07/21 00:52:21+00,2052,"Arreguin, Arron"
8126,Drug/Narcotics Violation,202200020376,1000,LINDEN AVE,CPD,2022/07/19 03:22:56+00,2322,"Arreguin, Arron"
8260,Drug/Narcotics Violation,202200019451,1900,EMMET ST N,CPD,2022/07/11 07:15:41+00,0315,"Curry, Brian"
8335,Drug/Narcotics Violation,202200018803,300,11TH ST NW,CPD,2022/07/05 22:45:19+00,1845,"Becton, Joel"
8368,Narcotics,202200018565,100,OLINDA DR,CPD,2022/07/04 01:15:18+00,2115,"Via, Ryan"
8508,Drug/Narcotics Violation,202200017414,,GRADY AVE @ GORDON AVE,CPD,2022/06/24 16:14:00+00,1214,"Thomas, Eric"
8516,Drug/Narcotics Violation,202200017320,700,HARRIS ST,CPD,2022/06/23 20:11:21+00,1611,"Aguilera, Natalia"
8689,Narcotics,202200016024,,NASSAU ST / HAMPTON ST,CPD,2022/06/11 19:25:12+00,1525,"Via, Ryan"
8749,Narcotics,202200015652,1400,VINE ST,CPD,2022/06/08 03:15:30+00,2315,"Via, Ryan"
8773,Narcotics,202200015522,1200,MONTICELLO RD,CPD,2022/06/07 01:56:26+00,2156,"Via, Ryan"
8826,Drug/Narcotics Violation,202200015158,1900,EMMET ST N,CPD,2022/06/03 18:36:51+00,1436,"Samar, Jack"
8888,Drug Equipment Violation,202200014805,900,CHARLTON AVE,CPD,2022/05/31 17:41:37+00,1341,"Samar, Jack"
8917,Drug Equipment Violation,202200014571,1100,5TH ST SW,CPD,2022/05/29 14:11:06+00,1011,"Houchens, Jamell"
8929,Drug Equipment Violation,202200014480,900,GRADY AVE,CPD,2022/05/28 17:54:37+00,1354,"Houchens, Jamell"
8958,Drug/Narcotics Violation,202200014251,400,11TH ST NE,CPD,2022/05/26 18:39:15+00,1439,"Stayments, Ronald "
8972,Drug/Narcotics Violation,202200014180,1100,5TH ST SW,CPD,2022/05/26 02:53:58+00,2253,"Patel, Akash"
9023,Narcotics,202200013810,100,MONTE VISTA AVE,CPD,2022/05/23 01:53:26+00,2153,"Via, Ryan"
9272,Narcotics,202200012092,600,W MAIN ST,CPD,2022/05/07 22:26:34+00,1826,"Alfonso, Sean"
9325,Drug Investigation,202200011643,1400,AVON ST,CPD,2022/05/04 14:33:46+00,1033,"Pendleton, Eric"
9363,Drug/Narcotics Violation,202200011343,900,BELMONT AVE,CPD,2022/05/02 05:07:18+00,0107,"Darby, Michael"
9422,Drug Investigation,202200010926,800,W MAIN ST,CPD,2022/04/29 00:59:44+00,2059,"Houchens, Logan"
9452,Drug/Narcotics Violation,202200010660,400,MOSELEY DR,CPD,2022/04/27 01:43:46+00,2143,"Stein, Nathan"
9571,Drug/Narcotics Violation,202200009813,,WEST ST / 9TH ST NW,CPD,2022/04/20 06:50:22+00,0250,"Lowry, Ryan"
9699,Narcotics,202200009043,300,250 BYPASS,CPD,2022/04/13 22:33:11+00,1833,"Lee, Chandler"
9721,Narcotics,202200008892,1400,CHESAPEAKE ST,CPD,2022/04/12 20:02:43+00,1602,"Maney, Edward"
9739,Drug Equipment Violation,202200008775,200,RIDGE ST,CPD,2022/04/11 21:58:57+00,1758,"Houchens, Jamell"
9857,Drug Equipment Violation,202200008077,200,RIDGE ST,CPD,2022/04/04 21:46:15+00,1746,"Houchens, Jamell"
9964,Drug Investigation,202200007443,800,PAGE ST,CPD,2022/03/28 21:12:20+00,1712,"Green, Bryan"
10036,Drug/Narcotics Violation,202200007078,1700,HYDRAULIC RD,CPD,2022/03/25 12:46:26+00,0846,"Samar, Jack"
10151,Narcotics,202200006457,700,E WATER ST,CPD,2022/03/18 20:28:04+00,1628,"Pendleton, Eric"
10173,Drug Investigation,202200006297,1400,MELBOURNE RD,CPD,2022/03/16 18:07:32+00,1407,"Wells, Matthew"
10485,Drug Investigation,202200004336,100,MAYWOOD LN,CPD,2022/02/23 22:00:07+00,1700,"Bentz, Benjamin "
10507,Narcotics,202200004208,,FOREST HILLS AVE / PROSPECT AVE,CPD,2022/02/22 18:00:56+00,1300,"Raines, Christopher"
10513,Drug/Narcotics Violation,202200004161,600,E MARKET ST,CPD,2022/02/22 03:43:28+00,2243,"Best, Lisa"
10560,Drug Investigation,202200003774,600,E MARKET ST,CPD,2022/02/17 21:31:51+00,1631,"Whitten, Tobyn"
10578,Drug Investigation,202200003686,600,E MARKET ST,CPD,2022/02/16 21:25:56+00,1625,"Wells, Matthew"
10596,Drug Investigation,202200003588,600,E MARKET ST,CPD,2022/02/15 21:01:56+00,1601,"Green, Bryan"
10650,Narcotics,202200003320,1500,E HIGH ST,CPD,2022/02/12 22:56:29+00,1756,"Middleton, Matthew"
10779,Drug Equipment Violation,202200002544,800,PAGE ST,CPD,2022/02/04 11:25:13+00,0625,"Darby, Michael"
10835,Drug/Narcotics Violation,202200002212,1100,GRADY AVE,CPD,2022/01/31 02:31:30+00,2131,"Curry, Brian"
10863,Drug/Narcotics Violation,202200002028,1400,MELBOURNE RD,CPD,2022/01/28 17:17:22+00,1217,"McKeown, Kaitlyn"
10868,Narcotics,202200001994,300,BERRING ST,CPD,2022/01/28 02:16:54+00,2116,"Hopiane, Sayd"
11044,Drug Investigation,202200000855,600,ELLIOTT AVE,CPD,2022/01/12 04:17:59+00,2317,"Green, Bryan"
11115,Drug/Narcotics Violation,202200000323,300,7 1/2 ST SW,CPD,2022/01/05 00:53:59+00,1953,"Holley, Barrett"
11394,Drug/Narcotics Violation,202100034722,500,W MAIN ST,CPD,2021/12/11 16:41:59+00,1141,"Pittman, Terry"
11418,Drug Investigation,202100034511,600,E MARKET ST,CPD,2021/12/09 16:14:16+00,1114,"Bowers, Justin"
11528,Narcotics,202100033668,1600,GORDON AVE,CPD,2021/12/01 20:01:37+00,1501,"Burnett, James"
11724,Drug Investigation,202100032277,1400,MELBOURNE RD,CPD,2021/11/15 20:26:12+00,1526,"Smith, Daniel"
11736,Drug/Narcotics Violation,202100032210,700,6TH ST SE,CPD,2021/11/15 01:22:32+00,2022,"Huber, Christopher"
11781,Drug/Narcotics Violation,202100031850,1000,CHERRY AVE,CPD,2021/11/11 16:22:22+00,1122,"Pittman, Terry"
11974,Drug/Narcotics Violation,202100030296,1400,MELBOURNE RD,CPD,2021/10/25 16:46:46+00,1246,"Nash, Darius"
11977,Drug/Narcotics Violation,202100030292,1400,MELBOURNE RD,CPD,2021/10/25 16:13:01+00,1213,"Nash, Darius"
12302,Drug/Narcotics Violation,202100027832,1100,5TH ST SW,CPD,2021/10/01 22:43:43+00,1843,"Lucas, Corbin"
12338,Narcotics,202100027568,200,MAURY AVE,CPD,2021/09/29 15:21:43+00,1121,"Burnett, James"
12489,Drug/Narcotics Violation,202100026583,100,W MAIN ST,CPD,2021/09/20 00:37:44+00,2037,"Smith, Daniel"
12582,Drug/Narcotics Violation,202100025897,1000,CHERRY AVE,CPD,2021/09/13 17:17:31+00,1317,"Houchens, Jamell"
12635,Drug/Narcotics Violation,202100025567,600,E WATER ST,CPD,2021/09/10 22:31:46+00,1831,"Lee, Chandler"
12678,Drug/Narcotics Violation,202100025322,100,MONTE VISTA AVE,CPD,2021/09/09 00:24:23+00,2024,"Stein, Nathan"
12687,Narcotics,202100025273,600,E MARKET ST,CPD,2021/09/08 17:19:08+00,1319,"Raines, Christopher"
12748,Drug Equipment Violation,202100024831,1600,"EMMET ST N, 307",CPD,2021/09/04 15:41:35+00,1141,"Pittman, Terry"
12802,Narcotics,202100024490,600,E MARKET ST,CPD,2021/09/01 17:50:28+00,1350,"Raines, Christopher"
12815,Drug Equipment Violation,202100024387,200,"MONTICELLO AVE, 127",CPD,2021/08/31 17:37:11+00,1337,"Johnston, Ernest"
12887,Narcotics,202100023912,400,14TH ST NW,CPD,2021/08/27 13:49:58+00,0949,"Burnett, James"
12998,Drug/Narcotics Violation,202100023380,1400,SHORT 18TH ST,CPD,2021/08/22 11:04:03+00,0704,"Whitten, Tobyn"
13058,Drug Equipment Violation,202100022974,600,E MAIN ST,CPD,2021/08/18 16:30:28+00,1230,"Lucas, Todd"
13090,Narcotics,202100022783,600,E MARKET ST,CPD,2021/08/16 18:58:41+00,1458,"Cundiff, Ross"
13151,Narcotics,202100022395,600,E MARKET ST,CPD,2021/08/12 19:15:32+00,1515,"Raines, Christopher"
13186,Narcotics,202100022102,,JEFFERSON PARK AVE / OLD LYNCHBURG RD,CPD,2021/08/09 20:06:27+00,1606,"Via, Ryan"
13209,Drug Investigation,202100021855,900,EMMET ST N,CPD,2021/08/06 20:15:57+00,1615,"KEPLINGER, CHRISTOPHER"
13297,Drug Investigation,202180000088,400,FRANKLIN ST,CPD,2021/08/01 01:58:22+00,2158,"Moje, Ashley"
13441,Drug Equipment Violation,202100020353,100,LANKFORD AVE,CPD,2021/07/21 23:15:41+00,1915,"Via, Ryan"
13594,Drug/Narcotics Violation,202100019096,1400,RUGBY AVE,CPD,2021/07/09 23:21:13+00,1921,"Smith, Daniel"
13625,Drug/Narcotics Violation,202100018876,,CAMELLIA DR / SHASTA CT,CPD,2021/07/07 22:13:45+00,1813,"Arreguin, Arron"
13784,Narcotics,202100017634,1100,EMMET ST N,CPD,2021/06/26 19:18:36+00,1518,"Burnett, James"
13801,Drug/Narcotics Violation,202100017536,1100,EMMET ST N,CPD,2021/06/25 22:43:48+00,1843,"Smith, Daniel"
13815,Drug/Narcotics Violation,202100017420,,5TH ST SW @ HARRIS RD,CPD,2021/06/25 00:38:23+00,2038,"Stein, Nathan"
13817,Drug/Narcotics Violation,202100017387,600,E MARKET ST,CPD,2021/06/24 19:52:32+00,1552,"Maney, Edward"
13936,Drug/Narcotics Violation,202100016429,200,MONTICELLO AVE,CPD,2021/06/16 10:01:47+00,0601,"Blackwell, Ryan"
13971,Drug/Narcotics Violation,202100016177,400,MOSELEY DR,CPD,2021/06/13 23:29:15+00,1929,"Stein, Nathan"
13972,Drug/Narcotics Violation,202100016173,500,"BAINBRIDGE ST, 103",CPD,2021/06/13 23:00:59+00,1900,"Via, Ryan"
14030,Drug Investigation,202100015684,300,250 BYPASS,CPD,2021/06/09 01:29:37+00,2129,"Green, Bryan"
14095,Drug Investigation,202100015195,1100,"5TH ST SW, 322",CPD,2021/06/04 15:40:19+00,1140,"Samar, Jack"
14104,Drug/Narcotics Violation,202100015144,400,FAIRWAY AVE,CPD,2021/06/04 00:15:09+00,2015,"Lowry, Ryan"
14106,Drug/Narcotics Violation,202100015131,1200,AVON ST,CPD,2021/06/03 22:24:22+00,1824,"Huber, Christopher"
14116,Narcotics,202100015078,2400,FONTAINE AVE,CPD,2021/06/03 11:54:56+00,0754,"Burnett, James"
14124,Drug Equipment Violation,202100015023,200,"MERCHANT WALK AVE, 300",CPD,2021/06/02 21:27:15+00,1727,"Stein, Nathan"
14168,Drug Equipment Violation,202100014728,500,CHERRY AVE,CPD,2021/05/30 22:12:39+00,1812,"Holley, Barrett"
14177,Drug/Narcotics Violation,202100014620,300,10TH ST NE,CPD,2021/05/29 16:05:00+00,1205,"TRAVERS, JOSHUA"
14195,Drug Equipment Violation,202100014451,100,OLD LYNCHBURG RD,CPD,2021/05/27 20:11:42+00,1611,"Stein, Nathan"
14212,Drug Equipment Violation,202100014275,400,E MAIN ST,CPD,2021/05/25 19:35:32+00,1535,"Chan, William"
14269,Drug/Narcotics Violation,202100013883,1100,EMMET ST N,CPD,2021/05/21 22:23:41+00,1823,"Lee, Chandler"
14346,Drug/Narcotics Violation,202100013229,800,NASSAU ST,CPD,2021/05/16 01:48:34+00,2148,"Houchens, Jamell"
14393,Drug Investigation,202100012851,2000,HOLIDAY DR,CPD,2021/05/12 04:21:41+00,0021,"Adams, Jonathan"
14475,Drug/Narcotics Violation,202100012266,900,GRADY AVE,CPD,2021/05/06 19:35:40+00,1535,"Holley, Barrett"
14561,Narcotics,202100011642,700,PROSPECT AVE,CPD,2021/04/30 09:41:48+00,0541,"Hounsel, Eli"
14597,Drug/Narcotics Violation,202100011424,,HARRIS RD / CHRISTA CT,CPD,2021/04/28 00:05:42+00,2005,"Stein, Nathan"
14604,Drug/Narcotics Violation,202100011403,700,"HARRIS ST, 101",CPD,2021/04/27 20:55:39+00,1655,"Smith, Daniel"
14650,Narcotics,202100010942,1100,MILLMONT ST,CPD,2021/04/23 00:31:44+00,2031,"Gower, Charles"
14794,Drug/Narcotics Violation,202100009738,1200,LEE ST,CPD,2021/04/09 21:23:47+00,1723,"Eckenroth, Rachel"
14828,Drug/Narcotics Violation,202100009482,1900,EMMET ST N,CPD,2021/04/07 00:36:42+00,2036,"Lee, Chandler"
14870,Narcotics,202100009102,1500,E HIGH ST,CPD,2021/04/03 03:40:29+00,2340,"Belinski, Thomas"
14876,Drug/Narcotics Violation,202100009062,900,WEST ST,CPD,2021/04/02 18:07:01+00,1407,"Pittman, Terry"
14898,Drug/Narcotics Violation,202100008836,600,"CHERRY AVE, A",CPD,2021/03/31 04:02:11+00,0002,"Stein, Nathan"
14902,Narcotics,202100008808,300,RIDGE ST,CPD,2021/03/30 21:39:14+00,1739,"Via, Ryan"
14914,Narcotics,202100008740,1000,5TH ST SW,CPD,2021/03/30 03:46:01+00,2346,"Via, Ryan"
14984,Drug/Narcotics Violation,202100008214,1300,W MAIN ST,CPD,2021/03/25 09:21:56+00,0521,"Blackwell, Kyle"
15035,Drug Equipment Violation,202100007656,400,AVON ST,CPD,2021/03/20 11:52:55+00,0752,"Samar, Jack"
15049,Drug/Narcotics Violation,202100007536,200,E MARKET ST,CPD,2021/03/19 12:12:07+00,0812,"Thomas, Eric"
15075,Drug/Narcotics Violation,202100007295,600,E MARKET ST,CPD,2021/03/16 21:47:29+00,1747,"Lucas, Corbin"
15086,Narcotics,202100007203,1200,6TH ST SE,CPD,2021/03/16 00:59:28+00,2059,"Via, Ryan"
15111,Drug/Narcotics Violation,202100006966,800,E JEFFERSON ST,CPD,2021/03/13 23:11:22+00,1811,"Whitten, Tobyn"
15114,Drug Equipment Violation,202100006950,600,BOLLING AVE,CPD,2021/03/13 19:52:33+00,1452,"Samar, Jack"
15129,Drug/Narcotics Violation,202100006843,1000,"RIDGE ST, 2",CPD,2021/03/12 21:39:43+00,1639,"Pendleton, Eric"
15139,Drug Investigation,202100006764,700,"HARRIS ST, 101",CPD,2021/03/11 23:52:29+00,1852,"Green, Bryan"
15162,Narcotics,202100006653,400,10TH ST NW,CPD,2021/03/10 21:42:23+00,1642,"Fink, James"
15201,Drug Investigation,202100006220,600,PRESTON AVE,CPD,2021/03/06 18:27:26+00,1327,"Lowe, Courteny"
15203,Drug/Narcotics Violation,202100006210,800,CHERRY AVE,CPD,2021/03/06 15:48:06+00,1048,"Pittman, Terry"
15209,Drug Investigation,202100006129,600,E MAIN ST,CPD,2021/03/05 19:04:23+00,1404,"Lowe, Courteny"
15211,Drug/Narcotics Violation,202100006114,1000,KING ST,CPD,2021/03/05 15:41:03+00,1041,"Pittman, Terry"
15338,Narcotics,202100005033,900,ST CLAIR AVE,CPD,2021/02/23 01:09:34+00,2009,"Via, Jacob"
15378,Drug/Narcotics Violation,202100004634,,MONTROSE AVE / 6TH ST SE,CPD,2021/02/18 01:13:46+00,2013,"Huber, Christopher"
15384,Narcotics,202100004602,1200,6TH ST SE,CPD,2021/02/17 21:23:46+00,1623,"Via, Ryan"
15421,Drug/Narcotics Violation,202100004218,300,250 BYPASS,CPD,2021/02/13 02:24:36+00,2124,"Stein, Nathan"
15474,Narcotics,202100003848,,FLORENCE RD / NASSAU ST,CPD,2021/02/09 03:24:39+00,2224,"Via, Ryan"
15478,Drug/Narcotics Violation,202100003812,400,E MARKET ST,CPD,2021/02/08 21:37:48+00,1637,"Lewis, Joey"
15502,Narcotics,202100003597,1300,CARLTON AVE,CPD,2021/02/07 00:27:39+00,1927,"Whitten, Tobyn"
15591,Drug/Narcotics Violation,202100002870,1600,EMMET ST N,CPD,2021/01/29 15:10:32+00,1010,"Alfonso, Sean"
15693,Drug/Narcotics Violation,202100001794,200,E MAIN ST,CPD,2021/01/18 22:27:33+00,1727,"Middleton, Matthew"
15754,Drug/Narcotics Violation,202100001176,,12TH ST NW / GRADY AVE,CPD,2021/01/12 20:38:32+00,1538,"Holley, Barrett"
15868,Drug/Narcotics Violation,202000035972,300,6TH ST SW,CPD,2021/01/01 04:11:25+00,2311,"Blackwell, Kyle"
15871,Drug Investigation,202000035937,500,12TH ST NW,CPD,2020/12/31 22:31:30+00,1731,"Lowe, Courteny"
15962,Drug/Narcotics Violation,202000035011,500,HARRIS RD,CPD,2020/12/21 22:41:03+00,1741,"Stein, Nathan"
16007,Drug Equipment Violation,202000034593,,GARRETT ST / 4TH ST SE,CPD,2020/12/18 00:11:25+00,1911,"Holley, Barrett"
16180,Drug Investigation,202000032998,1900,EMMET ST N,CPD,2020/12/04 00:51:54+00,1951,"Green, Bryan"
16440,Narcotics,202000031009,100,ELKHORN RD,CPD,2020/11/12 22:48:09+00,1748,"Gower, Charles"
16466,Drug/Narcotics Violation,202000030623,1900,EMMET ST N,CPD,2020/11/08 01:02:53+00,2002,"Eckenroth, Rachel"
16499,Narcotics,202000030356,1800,EMMET ST N,CPD,2020/11/04 22:44:01+00,1744,"Gower, Charles"
16508,Narcotics,202000030285,200,MONTE VISTA AVE,CPD,2020/11/03 21:58:38+00,1658,"Fink, James"
16787,Drug/Narcotics Violation,202000027907,1100,HILLTOP RD,CPD,2020/10/08 08:08:51+00,0408,"Harlow, Matthew"
16806,Drug/Narcotics Violation,202000027731,900,"CHARLTON AVE, D",CPD,2020/10/06 15:01:54+00,1101,"Maney, Edward"
16823,Drug/Narcotics Violation,202000027594,1900,LEWIS MOUNTAIN RD,CPD,2020/10/05 01:39:38+00,2139,"Smith, Daniel"
17068,Drug/Narcotics Violation,202000025689,300,CAMELIA DR,CPD,2020/09/13 19:58:57+00,1558,"Smith, Daniel"
17296,Narcotics,202000023799,400,RIDGE MCINTIRE RD,CPD,2020/08/25 12:14:43+00,0814,"Morrison, Kyle"
17435,Narcotics,202000022592,700,6TH ST SE,CPD,2020/08/13 20:38:34+00,1638,"Turner, Devon"
17455,Drug Investigation,202000022350,1200,EMMET ST N,CPD,2020/08/11 18:26:34+00,1426,"FLURY, MICHAEL"
17551,Drug Investigation,202000021561,300,MONTE VISTA AVE,CPD,2020/08/03 13:00:31+00,0900,"Samar, Jack"
17662,Drug Investigation,202000020590,700,6TH ST SE,CPD,2020/07/25 01:56:25+00,2156,"Bowers, Justin"
17728,Narcotics,202000019899,400,"GARRETT ST, H",CPD,2020/07/18 05:11:55+00,0111,"Morris, William "
17735,Narcotics,202000019809,900,"1ST ST S, B",CPD,2020/07/17 06:17:50+00,0217,"Fink, James"
17774,Drug/Narcotics Violation,202000019526,600,PRESTON AVE,CPD,2020/07/14 20:08:06+00,1608,"Lucas, Corbin"
17812,Narcotics,202000019241,1600,EMMET ST N,CPD,2020/07/11 10:08:18+00,0608,"Morris, William "
17868,Drug/Narcotics Violation,202000018920,,6TH ST SE / BOLLING AVE,CPD,2020/07/08 11:07:22+00,0707,"Bise, Collin"
17889,Drug/Narcotics Violation,202000018773,2500,WILLARD DR,CPD,2020/07/06 21:16:02+00,1716,"Chan, William"
17906,Drug Investigation,202000018618,700,6TH ST SE,CPD,2020/07/05 06:17:09+00,0217,"Arreguin, Arron"
17962,Narcotics,202000018136,1400,PEN PARK RD,CPD,2020/07/01 02:31:54+00,2231,"Raines, Christopher"
17979,Drug/Narcotics Violation,202000018004,100,SEMINOLE CT,CPD,2020/06/29 23:11:50+00,1911,"Chan, William"
18038,Drug/Narcotics Violation,202000017464,800,E MARKET ST,CPD,2020/06/25 02:12:08+00,2212,"Houchens, Logan"
18078,Drug/Narcotics Violation,202000017075,500,STEWART ST,CPD,2020/06/21 19:01:16+00,1501,"FLURY, MICHAEL"
18095,Drug/Narcotics Violation,202000016856,400,PRESTON AVE,CPD,2020/06/20 01:55:47+00,2155,"Huber, Christopher"
18106,Drug Investigation,202000016682,1900,EMMET ST N,CPD,2020/06/18 07:59:59+00,0359,"Arreguin, Arron"
18186,Drug/Narcotics Violation,202000015827,100,GARRETT ST,CPD,2020/06/10 01:57:41+00,2157,"Huber, Christopher"
18277,Drug/Narcotics Violation,202000014791,800,CYNTHIANNA AVE,CPD,2020/05/31 23:08:13+00,1908,"Chan, William"
18294,Drug Investigation,202000014619,300,10 1/2 ST NW,CPD,2020/05/29 21:02:54+00,1702,"Holley, Barrett"
18416,Drug Investigation,202000013412,100,OLD PRESTON AVE,CPD,2020/05/19 00:50:04+00,2050,"Via, Ryan"
18439,Drug/Narcotics Violation,202000013174,1900,EMMET ST N,CPD,2020/05/16 16:22:44+00,1222,"Thomas, Eric"
18468,Drug Investigation,202000012813,1600,"EMMET ST N, 227",CPD,2020/05/13 17:22:28+00,1322,"FLURY, MICHAEL"
18483,Drug/Narcotics Violation,202000012688,2000,"HOLIDAY DR, 118",CPD,2020/05/12 11:27:25+00,0727,"FLURY, MICHAEL"
18515,Drug Equipment Violation,202000012343,1000,E MARKET ST,CPD,2020/05/09 02:48:47+00,2248,"Stein, Nathan"
18520,Drug/Narcotics Violation,202000012311,,WEST ST / 10TH ST NW,CPD,2020/05/08 18:19:58+00,1419,"Thomas, Eric"
18614,Drug/Narcotics Violation,202000011205,1500,E HIGH ST,CPD,2020/04/29 13:01:27+00,0901,"Thomas, Eric"
18667,Narcotics,202000010683,200,RIVERSIDE AVE,CPD,2020/04/24 02:28:37+00,2228,"Raines, Christopher"
18703,Drug/Narcotics Violation,202000010371,1300,POPLAR ST,CPD,2020/04/19 22:36:18+00,1836,"Holley, Barrett"
18738,Drug/Narcotics Violation,202000010040,200,SHAMROCK RD,CPD,2020/04/16 00:54:19+00,2054,"Holley, Barrett"
18793,Drug Investigation,202000009385,100,W MARKET ST,CPD,2020/04/08 16:29:04+00,1229,"Samar, Jack"
18801,Drug/Narcotics Violation,202000009299,600,BOOKER ST,CPD,2020/04/07 20:39:00+00,1639,"Babij, Joshua"
18947,Drug Equipment Violation,202000008003,1100,5TH ST SW,CPD,2020/03/22 22:18:24+00,1818,"Lowry, Ryan"
18965,Drug Equipment Violation,202000007915,1800,"EMMET ST N, 320",CPD,2020/03/21 16:48:29+00,1248,"FLURY, MICHAEL"
18992,Drug/Narcotics Violation,202000007747,900,EMMET ST N,CPD,2020/03/19 02:59:08+00,2259,"Huber, Christopher"
19004,Drug/Narcotics Violation,202000007604,,GARRETT ST / GLEASON ST,CPD,2020/03/17 05:06:51+00,0106,"Harris, Frank"
19037,Drug/Narcotics Violation,202000007349,200,9TH ST SW,CPD,2020/03/14 13:47:53+00,0947,"Thomas, Eric"
19055,Drug/Narcotics Violation,202000007191,200,8TH ST NW,CPD,2020/03/12 19:15:08+00,1515,"Boury, Bethany"
19133,Narcotics,202000006611,800,W MAIN ST,CPD,2020/03/06 21:33:15+00,1633,"Oberholzer, Robbie"
19168,Narcotics,202000006346,700,"HARRIS ST, 202",CPD,2020/03/04 14:12:22+00,0912,"Lucas, Todd"
19205,Drug/Narcotics Violation,202000006033,1100,5TH ST SW,CPD,2020/03/01 09:21:22+00,0421,"McNerney, Todd"
19232,Narcotics,202000005767,100,PEREGORY LN,CPD,2020/02/27 22:35:13+00,1735,"Fink, James"
19254,Drug/Narcotics Violation,202000005611,1400,MELBOURNE RD,CPD,2020/02/26 17:16:49+00,1216,"Nash, Darius"
19281,Drug Equipment Violation,202000005419,1200,GRADY AVE,CPD,2020/02/25 00:54:37+00,1954,"Babij, Joshua"
19341,Drug/Narcotics Violation,202000004876,1400,MELBOURNE RD,CPD,2020/02/19 18:08:28+00,1308,"Nash, Darius"
19376,Narcotics,202000004551,900,1ST ST S,CPD,2020/02/16 04:09:24+00,2309,"Belinski, Thomas"
19387,Drug/Narcotics Violation,202000004463,,RIVES ST / HAMPTON ST,CPD,2020/02/15 03:59:18+00,2259,"Huber, Christopher"
19424,Drug/Narcotics Violation,202000004224,400,RIDGE MCINTIRE RD,CPD,2020/02/12 23:47:46+00,1847,"Stein, Nathan"
19457,Drug/Narcotics Violation,202000004042,2200,"ANGUS RD, 21",CPD,2020/02/11 00:07:15+00,1907,"Holley, Barrett"
19490,Drug/Narcotics Violation,202000003753,1400,MELBOURNE RD,CPD,2020/02/07 16:46:22+00,1146,"Nash, Darius"
19535,Drug Investigation,202000003456,1400,MELBOURNE RD,CPD,2020/02/04 14:38:35+00,0938,"McKeown, Kaitlyn"
19543,Narcotics,202000003353,900,5TH ST SW,CPD,2020/02/03 18:33:20+00,1333,"Raines, Christopher"
19564,Drug/Narcotics Violation,202000003196,1400,VINE ST,CPD,2020/02/02 00:10:13+00,1910,"Huber, Christopher"
19661,Drug/Narcotics Violation,202000002611,1400,PEN PARK RD,CPD,2020/01/27 03:13:41+00,2213,"Lowry, Ryan"
19674,Drug/Narcotics Violation,202000002506,100,LAUREL CIR,CPD,2020/01/26 02:37:30+00,2137,"Stein, Nathan"
19682,Narcotics,202000002444,1700,UNIVERSITY AVE,CPD,2020/01/25 17:08:45+00,1208,"Burnett, James"
19792,Drug Investigation,202000001450,2000,MORTON DR,CPD,2020/01/15 17:28:57+00,1228,"Boury, Bethany"
19876,Drug/Narcotics Violation,202000000865,1400,FOREST RIDGE RD,CPD,2020/01/09 23:49:55+00,1849,"Lewis, Joey"
19927,Drug Investigation,202000000368,100,"HARTMANS MILL RD, A",CPD,2020/01/04 23:34:52+00,1834,"Bowers, Justin"
20039,Narcotics,201900037763,1400,PEN PARK RD,CPD,2019/12/30 03:27:54+00,2227,"Harris, Frank"
20073,Drug/Narcotics Violation,201900037509,800,CHERRY AVE,CPD,2019/12/27 01:15:19+00,2015,"Stein, Nathan"
20105,Drug/Narcotics Violation,201900037283,,10TH ST NW / RUN ST,CPD,2019/12/23 23:19:24+00,1819,"Stein, Nathan"
20135,Narcotics,201900037027,900,EMMET ST N,CPD,2019/12/21 05:20:03+00,0020,"Belinski, Thomas"
20170,Drug/Narcotics Violation,201900036836,,9TH ST NE @ E MARKET ST,CPD,2019/12/19 05:12:37+00,0012,"Boury, Bethany"
20176,Drug/Narcotics Violation,201900036815,1100,5TH ST SW,CPD,2019/12/19 00:32:43+00,1932,"Stein, Nathan"
20387,Narcotics,201900035323,800,"FRANKLIN ST, 4",CPD,2019/12/03 22:54:33+00,1754,"Raines, Christopher"
20490,Drug/Narcotics Violation,201900034576,,12TH ST NW / GRADY AVE,CPD,2019/11/25 18:13:07+00,1313,"Thomas, Eric"
20516,Drug/Narcotics Violation,201900034305,1800,LAMBETH LN,CPD,2019/11/23 02:07:00+00,2107,"Stein, Nathan"
20538,Drug/Narcotics Violation,201900034130,1000,CHERRY AVE,CPD,2019/11/21 16:29:30+00,1129,"Culbreath, Jonathan"
20583,Drug/Narcotics Violation,201900033812,500,HARRIS RD,CPD,2019/11/18 14:30:20+00,0930,"Pendleton, Eric"
20598,Drug/Narcotics Violation,201900033687,1100,EMMET ST N,CPD,2019/11/16 23:33:50+00,1833,"Stein, Nathan"
20717,Drug Investigation,201900032718,200,OLD LYNCHBURG RD,CPD,2019/11/08 00:35:20+00,1935,"Stein, Nathan"
20909,Drug Investigation,201900031459,1300,"E MARKET ST, A",CPD,2019/10/27 19:56:34+00,1556,"Thelen, Rebecca"
20921,Drug/Narcotics Violation,201900031350,400,E MARKET ST,CPD,2019/10/26 20:55:25+00,1655,"Shiflett, Tammy"
20942,Narcotics,201900031120,1100,ROSE HILL DR,CPD,2019/10/25 03:24:38+00,2324,"Adams, Jonathan"
20970,Drug/Narcotics Violation,201900030925,1400,MELBOURNE RD,CPD,2019/10/23 14:36:54+00,1036,"Nash, Darius"
21051,Drug Equipment Violation,201900030360,1000,PAGE ST,CPD,2019/10/18 14:14:47+00,1014,"Thomas, Eric"
21061,Drug/Narcotics Violation,201900030294,1600,EMMET ST N,CPD,2019/10/17 22:18:16+00,1818,"Lee, Chandler"
21148,Narcotics,201900029767,500,2ND ST SE,CPD,2019/10/13 01:15:18+00,2115,"Gower, Charles"
21173,Drug Investigation,201900029558,500,HARRIS RD,CPD,2019/10/11 13:38:56+00,0938,"Pendleton, Eric"
21179,Drug/Narcotics Violation,201900029534,100,2ND ST SW,CPD,2019/10/11 06:09:26+00,0209,"Belinski, Thomas"
21278,Drug/Narcotics Violation,201900028756,100,W MAIN ST,CPD,2019/10/04 16:46:08+00,1246,"Shiflett, Tammy"
21281,Drug Investigation,201900028749,1400,BRIARCLIFF AVE,CPD,2019/10/04 15:44:31+00,1144,"Curtis, David"
21288,Drug/Narcotics Violation,201900028671,1300,E MARKET ST,CPD,2019/10/04 00:56:35+00,2056,"Huber, Christopher"
21330,Drug/Narcotics Violation,201900028351,800,W MAIN ST,CPD,2019/10/01 05:39:24+00,0139,"FLURY, MICHAEL"
21338,Drug Investigation,201900028301,1100,MILLMONT ST,CPD,2019/09/30 20:04:43+00,1604,"Thelen, Rebecca"
21348,Drug/Narcotics Violation,201900028210,800,BELMONT AVE,CPD,2019/09/30 01:22:08+00,2122,"Chan, William"
21387,Narcotics,201900027887,1200,GRADY AVE,CPD,2019/09/27 01:13:07+00,2113,"Jaeger, Jeffrey"
21635,Drug/Narcotics Violation,201900026182,200,RIDGE ST,CPD,2019/09/11 17:47:37+00,1347,"FLURY, MICHAEL"
21772,Drug Investigation,201900025026,600,E MARKET ST,CPD,2019/09/01 12:02:39+00,0802,"Reed, Patrick"
21802,Drug/Narcotics Violation,201900024803,900,PAGE ST,CPD,2019/08/30 18:44:19+00,1444,"FLURY, MICHAEL"
21843,Drug/Narcotics Violation,201900024444,700,"HARRIS ST, 202",CPD,2019/08/27 12:52:48+00,0852,"KEPLINGER, CHRISTOPHER"
21855,Drug/Narcotics Violation,201900024366,200,BYPASS W,CPD,2019/08/26 17:34:55+00,1334,"Thelen, Rebecca"
21908,Drug Investigation,201900023937,700,FRANKLIN ST,CPD,2019/08/22 23:03:04+00,1903,"Bowers, Justin"
21922,Drug Investigation,201900023841,1800,EMMET ST N,CPD,2019/08/22 06:37:20+00,0237,"Jones, Mark"
21926,Drug/Narcotics Violation,201900023799,200,W MAIN ST,CPD,2019/08/21 21:43:09+00,1743,"Huber, Christopher"
21978,Drug Investigation,201900023419,1300,CARLTON AVE,CPD,2019/08/18 06:03:50+00,0203,"Bowers, Justin"
21997,Drug/Narcotics Violation,201900023301,1400,VINE ST,CPD,2019/08/17 02:42:08+00,2242,"Reed, Patrick"
22011,Narcotics,201900023180,1000,FOREST HILLS AVE,CPD,2019/08/16 02:58:37+00,2258,"Reed, Patrick"
22021,Drug/Narcotics Violation,201900023043,300,6TH ST SW,CPD,2019/08/14 20:52:36+00,1652,"Chan, William"
22124,Drug/Narcotics Violation,201900022026,3000,"CITY WALK WAY, 306",CPD,2019/08/05 19:09:51+00,1509,"Bowlin, Jacob"
22177,Narcotics,201900021660,900,5TH ST SW,CPD,2019/08/02 15:24:02+00,1124,"HARPINE, MATTHEW"
22179,Drug/Narcotics Violation,201900021655,1000,W MAIN ST,CPD,2019/08/02 13:37:14+00,0937,"HARPINE, MATTHEW"
22194,Drug/Narcotics Violation,201900021577,900,5TH ST SW,CPD,2019/08/01 19:13:36+00,1513,"Thomas, Eric"
22197,Drug/Narcotics Violation,201900021552,1900,"EMMET ST N, 312",CPD,2019/08/01 15:44:46+00,1144,"Thelen, Rebecca"
22219,Drug Equipment Violation,201900021329,700,HARRIS ST,CPD,2019/07/30 14:24:01+00,1024,"Johnston, Ernest"
22341,Drug/Narcotics Violation,201900020113,900,DRUID AVE,CPD,2019/07/18 18:19:43+00,1419,"HARPINE, MATTHEW"
22430,Drug/Narcotics Violation,201900019365,700,"HARRIS ST, 207",CPD,2019/07/11 17:07:00+00,1307,"Barbour, Tremaine"
22434,Narcotics,201900019321,1200,LEE ST,CPD,2019/07/11 06:34:48+00,0234,"Reed, Patrick"
22447,Narcotics,201900019237,1200,LEE ST,CPD,2019/07/10 14:10:26+00,1010,"Oberholzer, Robbie"
22590,Drug/Narcotics Violation,201900018063,200,HARTMANS MILL RD,CPD,2019/06/29 03:33:48+00,2333,"Huber, Christopher"
22628,Drug/Narcotics Violation,201900017722,800,RIDGE ST,CPD,2019/06/26 05:13:30+00,0113,"Zhang, Kai"
22670,Narcotics,201900017272,700,"MASON ST, A",CPD,2019/06/22 00:11:04+00,2011,"Bowers, Justin"
22701,Drug/Narcotics Violation,201900016914,1000,LINDEN AVE,CPD,2019/06/19 13:21:00+00,0921,"KEPLINGER, CHRISTOPHER"
22721,Narcotics,201900016766,500,W MAIN ST,CPD,2019/06/18 00:30:18+00,2030,"Quinlan, Richard"
22838,Drug/Narcotics Violation,201900015867,1400,"VINE ST, B",CPD,2019/06/09 02:41:07+00,2241,"HARPINE, MATTHEW"
22866,Narcotics,201900015662,700,PROSPECT AVE,CPD,2019/06/07 03:00:50+00,2300,"HARPINE, MATTHEW"
22905,Drug/Narcotics Violation,201900015383,600,12TH ST NW,CPD,2019/06/04 18:57:28+00,1457,"Zhang, Kai"
22979,Drug/Narcotics Violation,201900014724,100,LANKFORD AVE,CPD,2019/05/29 19:03:44+00,1503,"Maney, Edward"
23005,Drug/Narcotics Violation,201900014550,700,FRANKLIN ST,CPD,2019/05/28 02:38:33+00,2238,"Byrd, Timothy"
23099,Narcotics,201900013817,1400,VINE ST,CPD,2019/05/21 12:38:37+00,0838,"Bayles, Shawn"
23105,Drug/Narcotics Violation,201900013750,500,PARK ST,CPD,2019/05/20 20:19:37+00,1619,"Childers, Lynn"
23118,Drug Investigation,201900013679,900,RIVES ST,CPD,2019/05/20 03:51:42+00,2351,"Arreguin, Arron"
23160,Drug/Narcotics Violation,201900013352,800,E MARKET ST,CPD,2019/05/17 15:12:33+00,1112,"Bowlin, Jacob"
23165,Narcotics,201900013291,800,NASSAU ST,CPD,2019/05/17 01:12:11+00,2112,"Maney, Edward"
23170,Drug Investigation,201900013241,100,AZALEA DR,CPD,2019/05/16 17:51:57+00,1351,"Cundiff, Ross"
23184,Drug/Narcotics Violation,201900013130,400,E JEFFERSON ST,CPD,2019/05/15 19:52:24+00,1552,"Houchens, Logan"
23206,Drug Investigation,201900012991,1400,VINE ST,CPD,2019/05/14 05:58:14+00,0158,"Arreguin, Arron"
23230,Drug/Narcotics Violation,201900012781,1000,PRESTON AVE,CPD,2019/05/11 16:35:16+00,1235,"Thomas, Eric"
23255,Drug Investigation,201900012614,100,ELLIEWOOD AVE,CPD,2019/05/10 07:07:15+00,0307,"Morris, William "
23318,Narcotics,201900012061,1400,PEN PARK RD,CPD,2019/05/05 02:30:45+00,2230,"Raines, Christopher"
23384,Narcotics,201900011560,1600,MADISON AVE,CPD,2019/05/01 00:53:44+00,2053,"Raines, Christopher"
23409,Narcotics,201900011433,1600,"MONTICELLO AVE, 2",CPD,2019/04/29 22:27:51+00,1827,"Roberts, David"
23453,Drug Investigation,201900011041,1600,"EMMET ST N, 225",CPD,2019/04/25 21:15:40+00,1715,"Pittman, Terry"
23468,Drug/Narcotics Violation,201900010941,,ROSSER AVE E / 12TH ST NW,CPD,2019/04/24 18:45:37+00,1445,"Thomas, Eric"
23491,Narcotics,201900010773,300,MEADE AVE,CPD,2019/04/23 02:07:28+00,2207,"Raines, Christopher"
23526,Drug/Narcotics Violation,201900010444,300,RIDGE ST,CPD,2019/04/19 21:39:52+00,1739,"Burchardt, Rudy"
23868,Narcotics,201900008343,1200,LONG ST,CPD,2019/03/31 20:07:56+00,1607,"Raines, Christopher"
24030,Narcotics,201900007119,500,6TH ST SE,CPD,2019/03/19 22:16:42+00,1816,"Roberts, David"
24060,Drug/Narcotics Violation,201900006897,800,RUN ST,CPD,2019/03/17 22:10:56+00,1810,"Maney, Edward"
24102,Drug/Narcotics Violation,201900006624,700,PROSPECT AVE,CPD,2019/03/15 09:45:57+00,0545,"Fink, James"
24152,Drug Investigation,201900006217,1000,BELMONT AVE,CPD,2019/03/11 12:56:23+00,0856,"Pendleton, Eric"
24254,Drug/Narcotics Violation,201900005398,300,E JEFFERSON ST,CPD,2019/03/02 07:33:18+00,0233,"Pittman, Terry"
24259,Drug Investigation,201900005339,500,PARK ST,CPD,2019/03/01 21:20:24+00,1620,"Barbour, Tremaine"
24425,Drug Investigation,201900004104,1800,EMMET ST N,CPD,2019/02/16 01:44:38+00,2044,"Burchardt, Rudy"
24491,Narcotics,201900003685,200,5TH ST SW,CPD,2019/02/11 22:09:31+00,1709,"Roberts, David"
24521,Drug Investigation,201900003491,300,"2ND ST NW, *",CPD,2019/02/09 16:10:37+00,1110,"Holley, Barrett"
24551,Drug/Narcotics Violation,201900003273,100,7TH ST NE,CPD,2019/02/07 16:49:45+00,1149,"Bowlin, Jacob"
24554,Drug/Narcotics Violation,201900003264,1600,AVON ST,CPD,2019/02/07 15:01:39+00,1001,"Johnston, Ernest"
24566,Drug Investigation,201900003192,700,"HARRIS ST, 207",CPD,2019/02/06 19:10:15+00,1410,"Thelen, Rebecca"
24592,Narcotics,201900003004,900,1ST ST S,CPD,2019/02/04 20:07:37+00,1507,"Belinski, Thomas"
24615,Drug/Narcotics Violation,201900002780,100,"LANKFORD AVE, 2",CPD,2019/02/02 15:12:34+00,1012,"Thomas, Eric"
24647,Drug/Narcotics Violation,201900002489,1600,EMMET ST N,CPD,2019/01/30 20:27:00+00,1527,"Burchardt, Rudy"
24692,Narcotics,201900002162,800,W MAIN ST,CPD,2019/01/27 01:50:08+00,2050,"Quinlan, Richard"
